-- phpMyAdmin SQL Dump
-- version 4.7.4
-- https://www.phpmyadmin.net/
--
-- Host: 127.0.0.1:3306
-- Generation Time: Sep 03, 2018 at 09:45 AM
-- Server version: 5.7.19
-- PHP Version: 5.6.31

SET SQL_MODE = "NO_AUTO_VALUE_ON_ZERO";
SET AUTOCOMMIT = 0;
START TRANSACTION;
SET time_zone = "+00:00";


/*!40101 SET @OLD_CHARACTER_SET_CLIENT=@@CHARACTER_SET_CLIENT */;
/*!40101 SET @OLD_CHARACTER_SET_RESULTS=@@CHARACTER_SET_RESULTS */;
/*!40101 SET @OLD_COLLATION_CONNECTION=@@COLLATION_CONNECTION */;
/*!40101 SET NAMES utf8mb4 */;

--
-- Database: `hammerfall.net`
--

-- --------------------------------------------------------

--
-- Table structure for table `account`
--

DROP TABLE IF EXISTS `account`;
CREATE TABLE IF NOT EXISTS `account` (
  `account_id` int(11) NOT NULL AUTO_INCREMENT,
  `account_json` text COLLATE utf8_unicode_ci,
  `system_time_register` varchar(18) COLLATE utf8_unicode_ci NOT NULL,
  `system_time_activate` varchar(18) COLLATE utf8_unicode_ci DEFAULT NULL,
  `role_developer` int(11) DEFAULT NULL,
  `role_admin` int(11) DEFAULT NULL,
  `role_shopkeeper` int(11) DEFAULT NULL,
  PRIMARY KEY (`account_id`)
) ENGINE=InnoDB AUTO_INCREMENT=2 DEFAULT CHARSET=utf8 COLLATE=utf8_unicode_ci;

--
-- Dumping data for table `account`
--

INSERT INTO `account` (`account_id`, `account_json`, `system_time_register`, `system_time_activate`, `role_developer`, `role_admin`, `role_shopkeeper`) VALUES
(1, 'aUNJL0c0V2RucXZMUmJPMmxNRmNNQW4zZFVRSUlxQ0xLdTNWNG9lZTBOcm5QSEZGaVlSbFZvcnJja29KSXRjUDNKdTVvNCtsYVZsQnNOVkFvTis2YWp0dER6MmFTNUZ2MlJKZkVBczZLazlNcmlkRE9FdXh0Q1dWOG9vS0haVVkxK0tGN09hK05mSU14N2crUUFHMFlCZFlHcFN3QjgycWxUSTR5MXBHcEFJPQ==', '153132108107618500', NULL, 1, NULL, NULL);

-- --------------------------------------------------------

--
-- Table structure for table `account_email`
--

DROP TABLE IF EXISTS `account_email`;
CREATE TABLE IF NOT EXISTS `account_email` (
  `account_email_id` int(11) NOT NULL AUTO_INCREMENT,
  `account_id` int(11) NOT NULL,
  `account_email` text COLLATE utf8_unicode_ci NOT NULL,
  `system_time_register` varchar(18) COLLATE utf8_unicode_ci NOT NULL,
  PRIMARY KEY (`account_email_id`)
) ENGINE=InnoDB AUTO_INCREMENT=2 DEFAULT CHARSET=utf8 COLLATE=utf8_unicode_ci;

--
-- Dumping data for table `account_email`
--

INSERT INTO `account_email` (`account_email_id`, `account_id`, `account_email`, `system_time_register`) VALUES
(1, 1, 'kjell.bror.peter.eriksson@gmail.com', '153132108107618500');

-- --------------------------------------------------------

--
-- Table structure for table `account_password`
--

DROP TABLE IF EXISTS `account_password`;
CREATE TABLE IF NOT EXISTS `account_password` (
  `account_password_id` int(11) NOT NULL AUTO_INCREMENT,
  `account_password` text COLLATE utf8_unicode_ci NOT NULL,
  `system_time_register` varchar(18) COLLATE utf8_unicode_ci NOT NULL,
  PRIMARY KEY (`account_password_id`)
) ENGINE=InnoDB AUTO_INCREMENT=2 DEFAULT CHARSET=utf8 COLLATE=utf8_unicode_ci;

--
-- Dumping data for table `account_password`
--

INSERT INTO `account_password` (`account_password_id`, `account_password`, `system_time_register`) VALUES
(1, '$2y$10$eaZrN7xn2J0eHQW5xjWYkOogimOWdDelw9T6CpsQS4sXui4a893gW', '153132108107618500');

-- --------------------------------------------------------

--
-- Table structure for table `account_username`
--

DROP TABLE IF EXISTS `account_username`;
CREATE TABLE IF NOT EXISTS `account_username` (
  `account_username_id` int(11) NOT NULL AUTO_INCREMENT,
  `account_username` text COLLATE utf8_unicode_ci NOT NULL,
  `system_time_register` varchar(18) COLLATE utf8_unicode_ci NOT NULL,
  PRIMARY KEY (`account_username_id`)
) ENGINE=InnoDB AUTO_INCREMENT=2 DEFAULT CHARSET=utf8 COLLATE=utf8_unicode_ci;

--
-- Dumping data for table `account_username`
--

INSERT INTO `account_username` (`account_username_id`, `account_username`, `system_time_register`) VALUES
(1, 'Ohtacaro', '153132108107618500');

-- --------------------------------------------------------

--
-- Table structure for table `country`
--

DROP TABLE IF EXISTS `country`;
CREATE TABLE IF NOT EXISTS `country` (
  `country_id` int(11) NOT NULL AUTO_INCREMENT,
  `country` text COLLATE utf8_unicode_ci NOT NULL,
  `countrycode` varchar(2) COLLATE utf8_unicode_ci DEFAULT NULL,
  `translation_language_id` int(11) DEFAULT NULL,
  `shipping` text COLLATE utf8_unicode_ci,
  PRIMARY KEY (`country_id`)
) ENGINE=InnoDB AUTO_INCREMENT=204 DEFAULT CHARSET=utf8 COLLATE=utf8_unicode_ci;

--
-- Dumping data for table `country`
--

INSERT INTO `country` (`country_id`, `country`, `countrycode`, `translation_language_id`, `shipping`) VALUES
(1, 'Afghanistan', 'AF', NULL, '99'),
(2, 'Albania', 'AL', NULL, '99'),
(3, 'Algeria', 'DZ', NULL, '99'),
(4, 'Andorra', 'AD', NULL, '99'),
(5, 'Angola', 'AO', NULL, '99'),
(6, 'Antigua & Barbuda', 'AG', NULL, '99'),
(7, 'Argentina', 'AR', NULL, '99'),
(8, 'Armenia', 'AM', NULL, '99'),
(9, 'Australia', 'AU', NULL, '99'),
(10, 'Austria', 'AT', NULL, '99'),
(11, 'Azerbaijan', 'AZ', NULL, '99'),
(12, 'Bahamas', 'BS', NULL, '99'),
(13, 'Bahrain', 'BH', NULL, '99'),
(14, 'Bangladesh', 'BD', NULL, '99'),
(15, 'Barbados', 'BB', NULL, '99'),
(16, 'Belarus', 'BY', NULL, '99'),
(17, 'Belgium', 'BE', NULL, '99'),
(18, 'Belize', 'BZ', NULL, '99'),
(19, 'Benin', 'BJ', NULL, '99'),
(20, 'Bhutan', 'BT', NULL, '99'),
(21, 'Bolivia', 'BO', NULL, '99'),
(22, 'Bosnia & Herzegovina', 'BA', NULL, '99'),
(23, 'Botswana', 'BW', NULL, '99'),
(24, 'Brazil', 'BR', NULL, '99'),
(25, 'Brunei Darussalam', 'BN', NULL, '99'),
(26, 'Bulgaria', 'BG', NULL, '99'),
(27, 'Burkina Faso', 'BF', NULL, '99'),
(28, '-', NULL, NULL, '99'),
(29, 'Burundi', 'BI', NULL, '99'),
(30, 'Cambodia', 'KH', NULL, '99'),
(31, 'Cameroon', 'CM', NULL, '99'),
(32, 'Canada', 'CA', NULL, '99'),
(33, 'Cape Verde', 'CV', NULL, '99'),
(34, 'Central African Republic', 'CF', NULL, '99'),
(35, 'Chad', 'TD', NULL, '99'),
(36, 'Chile', 'CL', NULL, '99'),
(37, 'China', 'CN', NULL, '99'),
(38, 'Colombia', 'CO', NULL, '99'),
(39, 'Comoros', 'KM', NULL, '99'),
(40, 'Congo', NULL, NULL, '99'),
(41, 'Costa Rica', 'CR', NULL, '99'),
(42, 'Croatia', 'HR', NULL, '99'),
(43, 'Cuba', 'CU', NULL, '99'),
(44, 'Cyprus', 'CY', NULL, '99'),
(45, 'Czech Republic', 'CZ', NULL, '99'),
(46, 'Denmark', 'DK', NULL, '99'),
(47, 'Democratic Republic of Congo', NULL, NULL, '99'),
(48, 'Djibouti', 'DJ', NULL, '99'),
(49, 'Dominica', 'DM', NULL, '99'),
(50, 'Dominican Republic', 'DO', NULL, '99'),
(51, 'Ecuador', 'EC', NULL, '99'),
(52, 'East Timor', NULL, NULL, '99'),
(53, 'Egypt', 'EG', NULL, '99'),
(54, 'El Salvador', 'SV', NULL, '99'),
(55, 'England', NULL, NULL, '99'),
(56, 'Equatorial Guinea', 'GQ', NULL, '99'),
(57, 'Eritrea', 'ER', NULL, '99'),
(58, 'Estonia', 'EE', NULL, '99'),
(59, 'Ethiopia', 'ET', NULL, '99'),
(60, 'Fiji', 'FJ', NULL, '99'),
(61, 'Finland', 'FI', NULL, '99'),
(62, 'France', 'FR', NULL, '99'),
(63, 'Gabon', 'GA', NULL, '99'),
(64, 'Gambia', 'GM', NULL, '99'),
(65, 'Georgia', 'GE', NULL, '99'),
(66, 'Germany', 'DE', NULL, '99'),
(67, 'Ghana', 'GH', NULL, '99'),
(68, 'Great Britain', NULL, NULL, '99'),
(69, 'Greece', 'GR', NULL, '99'),
(70, 'Grenada', 'GD', NULL, '99'),
(71, 'Guatemala', 'GT', NULL, '99'),
(72, 'Guinea', 'GN', NULL, '99'),
(73, 'Guinea-Bissau', 'GW', NULL, '99'),
(74, 'Guyana', 'GY', NULL, '99'),
(75, 'Haiti', 'HT', NULL, '99'),
(76, 'Honduras', 'HN', NULL, '99'),
(77, 'Hungary', 'HU', NULL, '99'),
(78, 'Iceland', 'IS', NULL, '99'),
(79, 'India', 'IN', NULL, '99'),
(80, 'Indonesia', 'ID', NULL, '99'),
(81, 'Iran', 'IR', NULL, '99'),
(82, 'Iraq', 'IQ', NULL, '99'),
(83, 'Ireland', 'IE', NULL, '99'),
(84, 'Israel', 'IL', NULL, '99'),
(85, 'Italy', 'IT', NULL, '99'),
(86, 'Jamaica', 'JM', NULL, '99'),
(87, 'Japan', 'JP', NULL, '99'),
(88, 'Jordan', 'JO', NULL, '99'),
(89, 'Kazakhstan', 'KZ', NULL, '99'),
(90, 'Kenya', 'KE', NULL, '99'),
(91, 'Kiribati', 'KI', NULL, '99'),
(92, 'South Korea ', 'KR', NULL, '99'),
(93, 'North Korea', 'KP', NULL, '99'),
(94, 'South Kosovo', NULL, NULL, '99'),
(95, 'Kuwait Kyrgyzstan', NULL, NULL, '99'),
(96, 'Laos', 'LA', NULL, '99'),
(97, 'Latvia', 'LV', NULL, '99'),
(98, 'Lebanon', 'LB', NULL, '99'),
(99, 'Lesotho', 'LS', NULL, '99'),
(100, 'Liberia', 'LR', NULL, '99'),
(101, 'Libya', 'LY', NULL, '99'),
(102, 'Liechtenstein', 'LI', NULL, '99'),
(103, 'Lithuania', 'LT', NULL, '99'),
(104, 'Luxembourg', 'LU', NULL, '99'),
(105, 'Macedonia', 'MK', NULL, '99'),
(106, 'Madagascar', 'MG', NULL, '99'),
(107, 'Malawi', 'MW', NULL, '99'),
(108, 'Malaysia', 'MY', NULL, '99'),
(109, 'Maldives', 'MV', NULL, '99'),
(110, 'Mali', 'ML', NULL, '99'),
(111, 'Malta', 'MT', NULL, '99'),
(112, 'Marshall', NULL, NULL, '99'),
(113, 'Islands', NULL, NULL, '99'),
(114, 'Mauritania', 'MR', NULL, '99'),
(115, 'Mauritius', 'MU', NULL, '99'),
(116, 'Mexico', 'MX', NULL, '99'),
(117, 'Micronesia', 'FM', NULL, '99'),
(118, 'Moldova', 'MD', NULL, '99'),
(119, 'Monaco', 'MC', NULL, '99'),
(120, 'Mongolia', 'MN', NULL, '99'),
(121, 'Montenegro', 'ME', NULL, '99'),
(122, 'Morocco', 'MA', NULL, '99'),
(123, 'Mozambique', 'MZ', NULL, '99'),
(124, 'Myanmar', 'MM', NULL, '99'),
(125, 'Namibia', 'NA', NULL, '99'),
(126, 'Nauru', 'NR', NULL, '99'),
(127, 'Nepal', 'NP', NULL, '99'),
(128, 'The Netherlands', 'NL', NULL, '99'),
(129, 'New Zealand', 'NZ', NULL, '99'),
(130, 'Nicaragua', 'NI', NULL, '99'),
(131, 'Niger', 'NE', NULL, '99'),
(132, 'Nigeria', 'NG', NULL, '99'),
(133, 'Norway', 'NO', NULL, '99'),
(134, 'Northern Ireland', NULL, NULL, '99'),
(135, 'Oman', 'OM', NULL, '99'),
(136, 'Pakistan', 'PK', NULL, '99'),
(137, 'Palau', 'PW', NULL, '99'),
(138, 'Palestinian State', 'PS', NULL, '99'),
(139, 'Panama', 'PA', NULL, '99'),
(140, 'Papua New Guinea', 'PG', NULL, '99'),
(141, 'Paraguay', 'PY', NULL, '99'),
(142, 'Peru', 'PE', NULL, '99'),
(143, 'The Philippines', 'PH', NULL, '99'),
(144, 'Poland', 'PL', NULL, '99'),
(145, 'Portugal', 'PT', NULL, '99'),
(146, 'Qatar', 'QA', NULL, '99'),
(147, 'Romania', 'RO', NULL, '99'),
(148, 'Russia', 'RU', NULL, '99'),
(149, 'Rwanda', 'RW', NULL, '99'),
(150, 'St. Kitts & Nevis', 'KN', NULL, '99'),
(151, 'St. Lucia', 'LC', NULL, '99'),
(152, 'St. Vincent & The Grenadines', 'VC', NULL, '99'),
(153, 'Samoa', 'WS', NULL, '99'),
(154, 'San Marino', 'SM', NULL, '99'),
(155, 'São Tomé & Príncipe', 'ST', NULL, '99'),
(156, 'Saudi Arabia', 'SA', NULL, '99'),
(157, 'Scotland', NULL, NULL, '99'),
(158, 'Senegal', 'SN', NULL, '99'),
(159, 'Serbia', 'RS', NULL, '99'),
(160, 'Seychelles', 'SC', NULL, '99'),
(161, 'Sierra Leone', 'SL', NULL, '99'),
(162, 'Singapore', 'SG', NULL, '99'),
(163, 'Slovakia', 'SK', NULL, '99'),
(164, 'Slovenia', 'SI', NULL, '99'),
(165, 'Solomon Islands', 'SB', NULL, '99'),
(166, 'Somalia', 'SO', NULL, '99'),
(167, 'South Africa', 'ZA', NULL, '99'),
(168, 'Spain', 'ES', NULL, '99'),
(169, 'Sri Lanka', 'LK', NULL, '99'),
(170, 'Sudan', 'SD', NULL, '99'),
(171, 'South Sudan', NULL, NULL, '99'),
(172, 'Suriname', 'SR', NULL, '99'),
(173, 'Swaziland', 'SZ', NULL, '99'),
(174, 'Sweden', 'SE', NULL, '69'),
(175, 'Switzerland', 'CH', NULL, '99'),
(176, 'Syria', 'SY', NULL, '99'),
(177, 'Taiwan', 'TW', NULL, '99'),
(178, 'Tajikistan', 'TJ', NULL, '99'),
(179, 'Tanzania', 'TZ', NULL, '99'),
(180, 'Thailand', 'TH', NULL, '99'),
(181, 'Togo', 'TG', NULL, '99'),
(182, 'Tonga', 'TO', NULL, '99'),
(183, 'Trinidad & Tobago', 'TT', NULL, '99'),
(184, 'Tunisia', 'TN', NULL, '99'),
(185, 'Turkey', 'TR', NULL, '99'),
(186, 'Turkmenistan', 'TM', NULL, '99'),
(187, 'Tuvalu', 'TV', NULL, '99'),
(188, 'Uganda', 'UG', NULL, '99'),
(189, 'Ukraine', 'UA', NULL, '99'),
(190, 'United Arab Emirates', 'AE', NULL, '99'),
(191, 'United Kingdom', 'GB', NULL, '99'),
(192, 'United States', 'US', NULL, '99'),
(193, 'Uruguay', 'UY', NULL, '99'),
(194, 'Vanuatu', 'VU', NULL, '99'),
(195, 'Vatican City (Holy See)', NULL, NULL, '99'),
(196, 'Venezuela', 'VE', NULL, '99'),
(197, 'Vietnam', 'VN', NULL, '99'),
(198, 'Western Sahara', 'EH', NULL, '99'),
(199, 'Wales', NULL, NULL, '99'),
(200, 'Yemen', 'YE', NULL, '99'),
(201, 'Zaire', NULL, NULL, '99'),
(202, 'Zambia', 'ZM', NULL, '99'),
(203, 'Zimbabwe', 'ZW', NULL, '99');

-- --------------------------------------------------------

--
-- Table structure for table `log`
--

DROP TABLE IF EXISTS `log`;
CREATE TABLE IF NOT EXISTS `log` (
  `id` int(11) NOT NULL AUTO_INCREMENT,
  `log` text COLLATE utf8_unicode_ci NOT NULL,
  `qs` text COLLATE utf8_unicode_ci NOT NULL,
  `reference` text COLLATE utf8_unicode_ci,
  `when` timestamp NOT NULL DEFAULT CURRENT_TIMESTAMP,
  PRIMARY KEY (`id`)
) ENGINE=MyISAM AUTO_INCREMENT=193 DEFAULT CHARSET=utf8 COLLATE=utf8_unicode_ci;

--
-- Dumping data for table `log`
--

INSERT INTO `log` (`id`, `log`, `qs`, `reference`, `when`) VALUES
(1, '/hammerfall.net/www/en/merchandise/product/tshirtbreakdownthewalls/tshirtbreakdownthewallssizes?', 'site_language=1&navigation=5&view=product_variant&gid=1&pid=1', 'REQUEST_URI', '2018-09-01 18:52:32'),
(2, '/hammerfall.net/www/en/merchandise/product/tshirtbreakdownthewalls/tshirtbreakdownthewallssizes?form=webshop_cart_add', 'site_language=1&navigation=5&view=product_variant&gid=1&pid=1&form=webshop_cart_add', 'REQUEST_URI', '2018-09-01 18:53:21'),
(3, 'http://localhost/hammerfall.net/www/en/merchandise/product/tshirtbreakdownthewalls/tshirtbreakdownthewallssizes', 'site_language=1&navigation=5&view=product_variant&gid=1&pid=1&form=webshop_cart_add', '', '2018-09-01 18:53:21'),
(4, '/hammerfall.net/www/en/merchandise/product/tshirtbreakdownthewalls/tshirtbreakdownthewallssizes', 'site_language=1&navigation=5&view=product_variant&gid=1&pid=1', 'REQUEST_URI', '2018-09-01 18:53:21'),
(5, '/hammerfall.net/www/en/merchandise/product/tshirtbreakdownthewalls/tshirtbreakdownthewallssizes?form=webshop_cart_add&return=http://localhost/hammerfall.net/www/en/cart', 'site_language=1&navigation=5&view=product_variant&gid=1&pid=1&form=webshop_cart_add&return=http://localhost/hammerfall.net/www/en/cart', 'REQUEST_URI', '2018-09-01 18:53:40'),
(6, 'http://localhost/hammerfall.net/www/en/cart', 'site_language=1&navigation=5&view=product_variant&gid=1&pid=1&form=webshop_cart_add&return=http://localhost/hammerfall.net/www/en/cart', '', '2018-09-01 18:53:40'),
(7, '/hammerfall.net/www/en/cart', 'site_language=1&navigation=7', 'REQUEST_URI', '2018-09-01 18:53:40'),
(8, '/hammerfall.net/www/en/cart', 'site_language=1&navigation=7', 'REQUEST_URI', '2018-09-01 18:55:18'),
(9, '/hammerfall.net/www/en/merchandise/product/tshirtbreakdownthewalls/tshirtbreakdownthewallssizes?', 'site_language=1&navigation=5&view=product_variant&gid=1&pid=1', 'REQUEST_URI', '2018-09-01 18:55:26'),
(10, '/hammerfall.net/www/en/cart', 'site_language=1&navigation=7', 'REQUEST_URI', '2018-09-01 18:55:37'),
(11, '/hammerfall.net/www/en/merchandise/product/tshirtbreakdownthewalls/tshirtbreakdownthewallssizes?form=webshop_cart_add&return=http%3A%2F%2Flocalhost%2Fhammerfall.net%2Fwww%2Fen%2Fcart', 'site_language=1&navigation=5&view=product_variant&gid=1&pid=1&form=webshop_cart_add&return=http%3A%2F%2Flocalhost%2Fhammerfall.net%2Fwww%2Fen%2Fcart', 'REQUEST_URI', '2018-09-01 18:56:02'),
(12, 'http://localhost/hammerfall.net/www/en/cart', 'site_language=1&navigation=5&view=product_variant&gid=1&pid=1&form=webshop_cart_add&return=http%3A%2F%2Flocalhost%2Fhammerfall.net%2Fwww%2Fen%2Fcart', '', '2018-09-01 18:56:02'),
(13, '/hammerfall.net/www/en/cart', 'site_language=1&navigation=7', 'REQUEST_URI', '2018-09-01 18:56:02'),
(14, '/hammerfall.net/www/en/cart', 'site_language=1&navigation=7', 'REQUEST_URI', '2018-09-01 18:56:20'),
(15, '/hammerfall.net/www/en/merchandise/product/tshirtbreakdownthewalls/tshirtbreakdownthewallssizes?form=webshop_cart_add&return=http%3A%2F%2Flocalhost%2Fhammerfall.net%2Fwww%2Fen%2Fcart', 'site_language=1&navigation=5&view=product_variant&gid=1&pid=1&form=webshop_cart_add&return=http%3A%2F%2Flocalhost%2Fhammerfall.net%2Fwww%2Fen%2Fcart', 'REQUEST_URI', '2018-09-01 18:56:23'),
(16, 'http://localhost/hammerfall.net/www/en/cart', 'site_language=1&navigation=5&view=product_variant&gid=1&pid=1&form=webshop_cart_add&return=http%3A%2F%2Flocalhost%2Fhammerfall.net%2Fwww%2Fen%2Fcart', '', '2018-09-01 18:56:23'),
(17, '/hammerfall.net/www/en/cart', 'site_language=1&navigation=7', 'REQUEST_URI', '2018-09-01 18:56:23'),
(18, '/hammerfall.net/www/en/merchandise/product/tshirtbreakdownthewalls/tshirtbreakdownthewallssizes?form=webshop_cart_add&return=http%3A%2F%2Flocalhost%2Fhammerfall.net%2Fwww%2Fen%2Fcart', 'site_language=1&navigation=5&view=product_variant&gid=1&pid=1&form=webshop_cart_add&return=http%3A%2F%2Flocalhost%2Fhammerfall.net%2Fwww%2Fen%2Fcart', 'REQUEST_URI', '2018-09-01 18:56:25'),
(19, 'http://localhost/hammerfall.net/www/en/cart', 'site_language=1&navigation=5&view=product_variant&gid=1&pid=1&form=webshop_cart_add&return=http%3A%2F%2Flocalhost%2Fhammerfall.net%2Fwww%2Fen%2Fcart', '', '2018-09-01 18:56:25'),
(20, '/hammerfall.net/www/en/cart', 'site_language=1&navigation=7', 'REQUEST_URI', '2018-09-01 18:56:25'),
(21, '/hammerfall.net/www/en/merchandise/product/tshirtbreakdownthewalls/tshirtbreakdownthewallssizes?form=webshop_cart_add&return=http%3A%2F%2Flocalhost%2Fhammerfall.net%2Fwww%2Fen%2Fcart', 'site_language=1&navigation=5&view=product_variant&gid=1&pid=1&form=webshop_cart_add&return=http%3A%2F%2Flocalhost%2Fhammerfall.net%2Fwww%2Fen%2Fcart', 'REQUEST_URI', '2018-09-01 18:56:29'),
(22, 'http://localhost/hammerfall.net/www/en/cart', 'site_language=1&navigation=5&view=product_variant&gid=1&pid=1&form=webshop_cart_add&return=http%3A%2F%2Flocalhost%2Fhammerfall.net%2Fwww%2Fen%2Fcart', '', '2018-09-01 18:56:29'),
(23, '/hammerfall.net/www/en/cart', 'site_language=1&navigation=7', 'REQUEST_URI', '2018-09-01 18:56:29'),
(24, '/hammerfall.net/www/en/merchandise/product/tshirtbreakdownthewalls/tshirtbreakdownthewallssizel?form=webshop_cart_add&return=http%3A%2F%2Flocalhost%2Fhammerfall.net%2Fwww%2Fen%2Fcart', 'site_language=1&navigation=5&view=product_variant&gid=1&pid=3&form=webshop_cart_add&return=http%3A%2F%2Flocalhost%2Fhammerfall.net%2Fwww%2Fen%2Fcart', 'REQUEST_URI', '2018-09-01 18:56:32'),
(25, 'http://localhost/hammerfall.net/www/en/cart', 'site_language=1&navigation=5&view=product_variant&gid=1&pid=3&form=webshop_cart_add&return=http%3A%2F%2Flocalhost%2Fhammerfall.net%2Fwww%2Fen%2Fcart', '', '2018-09-01 18:56:32'),
(26, '/hammerfall.net/www/en/cart', 'site_language=1&navigation=7', 'REQUEST_URI', '2018-09-01 18:56:32'),
(27, '/hammerfall.net/www/en/merchandise/product/mossahammerfall/mossahammerfall?form=webshop_cart_add&return=http%3A%2F%2Flocalhost%2Fhammerfall.net%2Fwww%2Fen%2Fcart', 'site_language=1&navigation=5&view=product_variant&gid=19&pid=66&form=webshop_cart_add&return=http%3A%2F%2Flocalhost%2Fhammerfall.net%2Fwww%2Fen%2Fcart', 'REQUEST_URI', '2018-09-01 18:56:35'),
(28, 'http://localhost/hammerfall.net/www/en/cart', 'site_language=1&navigation=5&view=product_variant&gid=19&pid=66&form=webshop_cart_add&return=http%3A%2F%2Flocalhost%2Fhammerfall.net%2Fwww%2Fen%2Fcart', '', '2018-09-01 18:56:35'),
(29, '/hammerfall.net/www/en/cart', 'site_language=1&navigation=7', 'REQUEST_URI', '2018-09-01 18:56:35'),
(30, '/hammerfall.net/www/en/merchandise/product/ladiestshirthammerhigh/ladiestshirthammerhighsizexl?form=webshop_cart_add&return=http%3A%2F%2Flocalhost%2Fhammerfall.net%2Fwww%2Fen%2Fcart', 'site_language=1&navigation=5&view=product_variant&gid=17&pid=110&form=webshop_cart_add&return=http%3A%2F%2Flocalhost%2Fhammerfall.net%2Fwww%2Fen%2Fcart', 'REQUEST_URI', '2018-09-01 18:56:39'),
(31, 'http://localhost/hammerfall.net/www/en/cart', 'site_language=1&navigation=5&view=product_variant&gid=17&pid=110&form=webshop_cart_add&return=http%3A%2F%2Flocalhost%2Fhammerfall.net%2Fwww%2Fen%2Fcart', '', '2018-09-01 18:56:39'),
(32, '/hammerfall.net/www/en/cart', 'site_language=1&navigation=7', 'REQUEST_URI', '2018-09-01 18:56:39'),
(33, '/hammerfall.net/www/en/cart', 'site_language=1&navigation=7', 'REQUEST_URI', '2018-09-01 18:56:51'),
(34, '/hammerfall.net/www/en/cart', 'site_language=1&navigation=7', 'REQUEST_URI', '2018-09-01 18:57:08'),
(35, '/hammerfall.net/www/en/cart', 'site_language=1&navigation=7', 'REQUEST_URI', '2018-09-01 18:59:05'),
(36, '/hammerfall.net/www/en/merchandise/product/tshirthectorwithguitar/tshirthectorwithguitarsizes?form=webshop_cart_add&return=http%3A%2F%2Flocalhost%2Fhammerfall.net%2Fwww%2Fen%2Fcart', 'site_language=1&navigation=5&view=product_variant&gid=3&pid=8&form=webshop_cart_add&return=http%3A%2F%2Flocalhost%2Fhammerfall.net%2Fwww%2Fen%2Fcart', 'REQUEST_URI', '2018-09-01 18:59:32'),
(37, 'http://localhost/hammerfall.net/www/en/cart', 'site_language=1&navigation=5&view=product_variant&gid=3&pid=8&form=webshop_cart_add&return=http%3A%2F%2Flocalhost%2Fhammerfall.net%2Fwww%2Fen%2Fcart', '', '2018-09-01 18:59:32'),
(38, '/hammerfall.net/www/en/cart', 'site_language=1&navigation=7', 'REQUEST_URI', '2018-09-01 18:59:32'),
(39, '/hammerfall.net/www/en/cart', 'site_language=1&navigation=7', 'REQUEST_URI', '2018-09-01 19:00:25'),
(40, '/hammerfall.net/www/en/merchandise/product/mossahammerfall/mossahammerfall?form=webshop_cart_add&return=http%3A%2F%2Flocalhost%2Fhammerfall.net%2Fwww%2Fen%2Fcart', 'site_language=1&navigation=5&view=product_variant&gid=19&pid=66&form=webshop_cart_add&return=http%3A%2F%2Flocalhost%2Fhammerfall.net%2Fwww%2Fen%2Fcart', 'REQUEST_URI', '2018-09-01 19:02:52'),
(41, 'http://localhost/hammerfall.net/www/en/cart', 'site_language=1&navigation=5&view=product_variant&gid=19&pid=66&form=webshop_cart_add&return=http%3A%2F%2Flocalhost%2Fhammerfall.net%2Fwww%2Fen%2Fcart', '', '2018-09-01 19:02:52'),
(42, '/hammerfall.net/www/en/cart', 'site_language=1&navigation=7', 'REQUEST_URI', '2018-09-01 19:02:53'),
(43, '/hammerfall.net/www/en/merchandise/product/mossahammerfall/mossahammerfall?form=webshop_cart_add&return=http%3A%2F%2Flocalhost%2Fhammerfall.net%2Fwww%2Fen%2Fcart', 'site_language=1&navigation=5&view=product_variant&gid=19&pid=66&form=webshop_cart_add&return=http%3A%2F%2Flocalhost%2Fhammerfall.net%2Fwww%2Fen%2Fcart', 'REQUEST_URI', '2018-09-01 19:02:56'),
(44, 'http://localhost/hammerfall.net/www/en/cart', 'site_language=1&navigation=5&view=product_variant&gid=19&pid=66&form=webshop_cart_add&return=http%3A%2F%2Flocalhost%2Fhammerfall.net%2Fwww%2Fen%2Fcart', '', '2018-09-01 19:02:56'),
(45, '/hammerfall.net/www/en/cart', 'site_language=1&navigation=7', 'REQUEST_URI', '2018-09-01 19:02:56'),
(46, '/hammerfall.net/www/en/cart', 'site_language=1&navigation=7', 'REQUEST_URI', '2018-09-01 19:08:41'),
(47, '/hammerfall.net/www/en/cart', 'site_language=1&navigation=7', 'REQUEST_URI', '2018-09-01 19:09:35'),
(48, '/hammerfall.net/www/en/cart', 'site_language=1&navigation=7', 'REQUEST_URI', '2018-09-01 19:09:58'),
(49, '/hammerfall.net/www/en/cart', 'site_language=1&navigation=7', 'REQUEST_URI', '2018-09-01 19:11:01'),
(50, '/hammerfall.net/www/en/cart', 'site_language=1&navigation=7', 'REQUEST_URI', '2018-09-01 19:13:08'),
(51, '/hammerfall.net/www/en/merchandise', 'site_language=1&navigation=5', 'REQUEST_URI', '2018-09-01 19:13:10'),
(52, '/hammerfall.net/www/en/cart', 'site_language=1&navigation=7', 'REQUEST_URI', '2018-09-01 19:13:14'),
(53, '/hammerfall.net/www/en/merchandise', 'site_language=1&navigation=5', 'REQUEST_URI', '2018-09-01 19:13:32'),
(54, '/hammerfall.net/www/en/cart', 'site_language=1&navigation=7', 'REQUEST_URI', '2018-09-01 19:13:36'),
(55, '/hammerfall.net/www/en/?htaccess', 'site_language=1&htaccess', 'REQUEST_URI', '2018-09-02 15:22:47'),
(56, 'http://localhost/hammerfall.net/www/en/home', 'site_language=1&htaccess', '7', '2018-09-02 15:22:47'),
(57, '/hammerfall.net/www/en/home', 'site_language=1&navigation=1', 'REQUEST_URI', '2018-09-02 15:22:48'),
(58, '/hammerfall.net/www/en/home', 'site_language=1&navigation=1', 'REQUEST_URI', '2018-09-02 15:22:59'),
(59, 'http://localhost/hammerfall.net/www/', 'site_language=1&navigation=1', '', '2018-09-02 15:22:59'),
(60, '/hammerfall.net/www/', '', 'REQUEST_URI', '2018-09-02 15:22:59'),
(61, 'http://localhost/hammerfall.net/www/en/merchandise', '', '3', '2018-09-02 15:22:59'),
(62, '/hammerfall.net/www/en/merchandise', 'site_language=1&navigation=5', 'REQUEST_URI', '2018-09-02 15:22:59'),
(63, '/hammerfall.net/www/en/merchandise/category/men', 'site_language=1&navigation=5&view=category&id=1', 'REQUEST_URI', '2018-09-02 15:23:03'),
(64, '/hammerfall.net/www/en/merchandise/product/tshirtbreakdownthewalls', 'site_language=1&navigation=5&view=product_group&gid=1', 'REQUEST_URI', '2018-09-02 15:23:50'),
(65, '/hammerfall.net/www/en/?htaccess', 'site_language=1&htaccess', 'REQUEST_URI', '2018-09-02 16:31:39'),
(66, 'http://localhost/hammerfall.net/www/en/home', 'site_language=1&htaccess', '7', '2018-09-02 16:31:40'),
(67, '/hammerfall.net/www/en/home', 'site_language=1&navigation=1', 'REQUEST_URI', '2018-09-02 16:31:40'),
(68, 'http://localhost/hammerfall.net/www/', 'site_language=1&navigation=1', '', '2018-09-02 16:31:40'),
(69, '/hammerfall.net/www/', '', 'REQUEST_URI', '2018-09-02 16:31:40'),
(70, 'http://localhost/hammerfall.net/www/en/merchandise', '', '3', '2018-09-02 16:31:40'),
(71, '/hammerfall.net/www/en/merchandise', 'site_language=1&navigation=5', 'REQUEST_URI', '2018-09-02 16:31:40'),
(72, '/hammerfall.net/www/en/merchandise/product/tshirtbreakdownthewalls', 'site_language=1&navigation=5&view=product_group&gid=1', 'REQUEST_URI', '2018-09-02 16:31:43'),
(73, '/hammerfall.net/www/en/merchandise/product/tshirtbreakdownthewalls', 'site_language=1&navigation=5&view=product_group&gid=1', 'REQUEST_URI', '2018-09-02 16:32:35'),
(74, '/hammerfall.net/www/en/merchandise/product/tshirtbreakdownthewalls', 'site_language=1&navigation=5&view=product_group&gid=1', 'REQUEST_URI', '2018-09-02 16:32:50'),
(75, '/hammerfall.net/www/en/merchandise/product/tshirtbreakdownthewalls', 'site_language=1&navigation=5&view=product_group&gid=1', 'REQUEST_URI', '2018-09-02 16:33:12'),
(76, '/hammerfall.net/www/en/merchandise/product/tshirtbreakdownthewalls', 'site_language=1&navigation=5&view=product_group&gid=1', 'REQUEST_URI', '2018-09-02 16:33:48'),
(77, '/hammerfall.net/www/en/merchandise/product/tshirtbreakdownthewalls', 'site_language=1&navigation=5&view=product_group&gid=1', 'REQUEST_URI', '2018-09-02 16:34:02'),
(78, '/hammerfall.net/www/en/merchandise/product/tshirtbreakdownthewalls', 'site_language=1&navigation=5&view=product_group&gid=1', 'REQUEST_URI', '2018-09-02 16:34:16'),
(79, '/hammerfall.net/www/en/merchandise/product/tshirtbreakdownthewalls', 'site_language=1&navigation=5&view=product_group&gid=1', 'REQUEST_URI', '2018-09-02 16:35:15'),
(80, '/hammerfall.net/www/en/merchandise/product/tshirtbreakdownthewalls', 'site_language=1&navigation=5&view=product_group&gid=1', 'REQUEST_URI', '2018-09-02 16:35:25'),
(81, '/hammerfall.net/www/en/merchandise/product/tshirtbreakdownthewalls', 'site_language=1&navigation=5&view=product_group&gid=1', 'REQUEST_URI', '2018-09-02 16:35:49'),
(82, '/hammerfall.net/www/en/merchandise?form=login_account&redirect=http://localhost/hammerfall.net/www/en/merchandise/product/tshirtbreakdownthewalls', 'site_language=1&navigation=5&form=login_account&redirect=http://localhost/hammerfall.net/www/en/merchandise/product/tshirtbreakdownthewalls', 'REQUEST_URI', '2018-09-02 16:36:50'),
(83, 'http://localhost/hammerfall.net/www/en/merchandise/product/tshirtbreakdownthewalls', 'site_language=1&navigation=5&form=login_account&redirect=http://localhost/hammerfall.net/www/en/merchandise/product/tshirtbreakdownthewalls', '', '2018-09-02 16:36:50'),
(84, '/hammerfall.net/www/en/merchandise/product/tshirtbreakdownthewalls', 'site_language=1&navigation=5&view=product_group&gid=1', 'REQUEST_URI', '2018-09-02 16:36:51'),
(85, '/hammerfall.net/www/en/merchandise/product/tshirtbreakdownthewalls', 'site_language=1&navigation=5&view=product_group&gid=1', 'REQUEST_URI', '2018-09-02 16:37:55'),
(86, '/hammerfall.net/www/en/cart', 'site_language=1&navigation=7', 'REQUEST_URI', '2018-09-02 16:46:26'),
(87, '/hammerfall.net/www/en/merchandise', 'site_language=1&navigation=5', 'REQUEST_URI', '2018-09-02 16:46:33'),
(88, '/hammerfall.net/www/en/merchandise/product/tshirtbreakdownthewalls', 'site_language=1&navigation=5&view=product_group&gid=1', 'REQUEST_URI', '2018-09-02 16:46:35'),
(89, '/hammerfall.net/www/en/merchandise/product/tshirtbreakdownthewalls/tshirtbreakdownthewallssizes?form=webshop_cart_add', 'site_language=1&navigation=5&view=product_variant&gid=1&pid=1&form=webshop_cart_add', 'REQUEST_URI', '2018-09-02 16:46:37'),
(90, 'http://localhost/hammerfall.net/www/en/merchandise/product/tshirtbreakdownthewalls/tshirtbreakdownthewallssizes', 'site_language=1&navigation=5&view=product_variant&gid=1&pid=1&form=webshop_cart_add', '', '2018-09-02 16:46:37'),
(91, '/hammerfall.net/www/en/merchandise/product/tshirtbreakdownthewalls/tshirtbreakdownthewallssizes', 'site_language=1&navigation=5&view=product_variant&gid=1&pid=1', 'REQUEST_URI', '2018-09-02 16:46:38'),
(92, '/hammerfall.net/www/en/cart', 'site_language=1&navigation=7', 'REQUEST_URI', '2018-09-02 16:46:39'),
(93, '/hammerfall.net/www/en/cart', 'site_language=1&navigation=7', 'REQUEST_URI', '2018-09-02 16:46:51'),
(94, '/hammerfall.net/www/en/cart', 'site_language=1&navigation=7', 'REQUEST_URI', '2018-09-02 16:47:45'),
(95, '/hammerfall.net/www/ajax/cart.php', '', 'REQUEST_URI', '2018-09-02 16:54:52'),
(96, 'http://localhost/hammerfall.net/www/en/merchandise', '', '3', '2018-09-02 16:54:52'),
(97, '/hammerfall.net/www/en/merchandise', 'site_language=1&navigation=5', 'REQUEST_URI', '2018-09-02 16:54:52'),
(98, '/hammerfall.net/www/en/cart', 'site_language=1&navigation=7', 'REQUEST_URI', '2018-09-02 16:54:57'),
(99, '/hammerfall.net/www/en/cart', 'site_language=1&navigation=7', 'REQUEST_URI', '2018-09-02 16:55:23'),
(100, '/hammerfall.net/www/', '', 'REQUEST_URI', '2018-09-02 16:55:24'),
(101, 'http://localhost/hammerfall.net/www/en/merchandise', '', '3', '2018-09-02 16:55:24'),
(102, '/hammerfall.net/www/en/merchandise', 'site_language=1&navigation=5', 'REQUEST_URI', '2018-09-02 16:55:26'),
(103, '/hammerfall.net/www/en/cart', 'site_language=1&navigation=7', 'REQUEST_URI', '2018-09-02 16:55:39'),
(104, '/hammerfall.net/www/', '', 'REQUEST_URI', '2018-09-02 16:55:41'),
(105, 'http://localhost/hammerfall.net/www/en/merchandise', '', '3', '2018-09-02 16:55:41'),
(106, '/hammerfall.net/www/en/merchandise', 'site_language=1&navigation=5', 'REQUEST_URI', '2018-09-02 16:55:42'),
(107, '/hammerfall.net/www/en/cart', 'site_language=1&navigation=7', 'REQUEST_URI', '2018-09-02 17:06:17'),
(108, '/hammerfall.net/www/ajax/cart.php', '', 'REQUEST_URI', '2018-09-02 17:06:19'),
(109, 'http://localhost/hammerfall.net/www/en/merchandise', '', '3', '2018-09-02 17:06:19'),
(110, '/hammerfall.net/www/en/merchandise', 'site_language=1&navigation=5', 'REQUEST_URI', '2018-09-02 17:06:20'),
(111, '/hammerfall.net/www/en/cart', 'site_language=1&navigation=7', 'REQUEST_URI', '2018-09-02 17:06:23'),
(112, '/hammerfall.net/www/ajax/cart.php', '', 'REQUEST_URI', '2018-09-02 17:06:24'),
(113, 'http://localhost/hammerfall.net/www/en/merchandise', '', '3', '2018-09-02 17:06:24'),
(114, '/hammerfall.net/www/en/merchandise', 'site_language=1&navigation=5', 'REQUEST_URI', '2018-09-02 17:06:25'),
(115, '/hammerfall.net/www/en/cart', 'site_language=1&navigation=7', 'REQUEST_URI', '2018-09-02 17:06:34'),
(116, '/hammerfall.net/www/ajax/cart.php', '', 'REQUEST_URI', '2018-09-02 17:06:35'),
(117, 'http://localhost/hammerfall.net/www/en/merchandise', '', '3', '2018-09-02 17:06:35'),
(118, '/hammerfall.net/www/en/merchandise', 'site_language=1&navigation=5', 'REQUEST_URI', '2018-09-02 17:06:37'),
(119, '/hammerfall.net/www/ajax/cart.php', '', 'REQUEST_URI', '2018-09-02 17:06:57'),
(120, 'http://localhost/hammerfall.net/www/en/merchandise', '', '3', '2018-09-02 17:06:57'),
(121, '/hammerfall.net/www/en/merchandise', 'site_language=1&navigation=5', 'REQUEST_URI', '2018-09-02 17:06:57'),
(122, '/hammerfall.net/www/en/cart', 'site_language=1&navigation=7', 'REQUEST_URI', '2018-09-02 17:08:24'),
(123, '/hammerfall.net/www/en/merchandise', 'site_language=1&navigation=5', 'REQUEST_URI', '2018-09-02 17:17:37'),
(124, '/hammerfall.net/www/en/merchandise', 'site_language=1&navigation=5', 'REQUEST_URI', '2018-09-02 17:31:31'),
(125, '/hammerfall.net/www/en/cart', 'site_language=1&navigation=7', 'REQUEST_URI', '2018-09-02 17:31:32'),
(126, '/hammerfall.net/www/en/cart', 'site_language=1&navigation=7', 'REQUEST_URI', '2018-09-02 17:36:34'),
(127, '/hammerfall.net/www/en/cart', 'site_language=1&navigation=7', 'REQUEST_URI', '2018-09-02 17:37:16'),
(128, '/hammerfall.net/www/en/cart', 'site_language=1&navigation=7', 'REQUEST_URI', '2018-09-02 17:37:40'),
(129, '/hammerfall.net/www/en/cart', 'site_language=1&navigation=7', 'REQUEST_URI', '2018-09-02 17:37:50'),
(130, '/hammerfall.net/www/en/cart', 'site_language=1&navigation=7', 'REQUEST_URI', '2018-09-02 17:38:15'),
(131, '/hammerfall.net/www/en/cart', 'site_language=1&navigation=7', 'REQUEST_URI', '2018-09-02 17:38:58'),
(132, '/hammerfall.net/www/en/cart', 'site_language=1&navigation=7', 'REQUEST_URI', '2018-09-02 17:40:10'),
(133, '/hammerfall.net/www/sv/cart', 'site_language=2&navigation=7', 'REQUEST_URI', '2018-09-02 17:40:13'),
(134, '/hammerfall.net/www/en/cart', 'site_language=1&navigation=7', 'REQUEST_URI', '2018-09-02 17:40:15'),
(135, '/hammerfall.net/www/en/cart', 'site_language=1&navigation=7', 'REQUEST_URI', '2018-09-02 17:40:26'),
(136, '/hammerfall.net/www/en/cart', 'site_language=1&navigation=7', 'REQUEST_URI', '2018-09-02 17:40:36'),
(137, '/hammerfall.net/www/en/merchandise', 'site_language=1&navigation=5', 'REQUEST_URI', '2018-09-02 18:33:16'),
(138, '/hammerfall.net/www/en/merchandise/category/men', 'site_language=1&navigation=5&view=category&id=1', 'REQUEST_URI', '2018-09-02 18:33:20'),
(139, '/hammerfall.net/www/en/merchandise/product/tshirtbreakdownthewalls', 'site_language=1&navigation=5&view=product_group&gid=1', 'REQUEST_URI', '2018-09-02 18:33:23'),
(140, '/hammerfall.net/www/en/merchandise', 'site_language=1&navigation=5', 'REQUEST_URI', '2018-09-02 18:34:34'),
(141, '/hammerfall.net/www/en/cart', 'site_language=1&navigation=7', 'REQUEST_URI', '2018-09-02 18:34:38'),
(142, '/hammerfall.net/www/en/cart', 'site_language=1&navigation=7', 'REQUEST_URI', '2018-09-02 18:35:14'),
(143, '/hammerfall.net/www/en/merchandise', 'site_language=1&navigation=5', 'REQUEST_URI', '2018-09-02 18:39:28'),
(144, '/hammerfall.net/www/en/merchandise/product/tshirtbreakdownthewalls', 'site_language=1&navigation=5&view=product_group&gid=1', 'REQUEST_URI', '2018-09-02 18:41:06'),
(145, '/hammerfall.net/www/en/admin', 'site_language=1&navigation=11', 'REQUEST_URI', '2018-09-02 18:41:38'),
(146, '/hammerfall.net/www/en/admin', 'site_language=1&navigation=11', 'REQUEST_URI', '2018-09-02 18:41:59'),
(147, '/hammerfall.net/www/en/cart', 'site_language=1&navigation=7', 'REQUEST_URI', '2018-09-02 18:43:45'),
(148, '/hammerfall.net/www/en/cart', 'site_language=1&navigation=7', 'REQUEST_URI', '2018-09-02 18:44:40'),
(149, '/hammerfall.net/www/en/cart', 'site_language=1&navigation=7', 'REQUEST_URI', '2018-09-02 18:44:42'),
(150, '/hammerfall.net/www/en/merchandise', 'site_language=1&navigation=5', 'REQUEST_URI', '2018-09-02 18:44:44'),
(151, '/hammerfall.net/www/en/merchandise/product/tshirtbreakdownthewalls', 'site_language=1&navigation=5&view=product_group&gid=1', 'REQUEST_URI', '2018-09-02 18:44:46'),
(152, '/hammerfall.net/www/en/cart', 'site_language=1&navigation=7', 'REQUEST_URI', '2018-09-02 18:44:57'),
(153, '/hammerfall.net/www/en/merchandise/product/tshirtbreakdownthewalls', 'site_language=1&navigation=5&view=product_group&gid=1', 'REQUEST_URI', '2018-09-02 18:45:00'),
(154, '/hammerfall.net/www/en/cart', 'site_language=1&navigation=7', 'REQUEST_URI', '2018-09-02 18:45:06'),
(155, '/hammerfall.net/www/en/merchandise/product/tshirtbreakdownthewalls', 'site_language=1&navigation=5&view=product_group&gid=1', 'REQUEST_URI', '2018-09-02 18:45:10'),
(156, '/hammerfall.net/www/en/cart', 'site_language=1&navigation=7', 'REQUEST_URI', '2018-09-02 18:45:12'),
(157, '/hammerfall.net/www/en/cart', 'site_language=1&navigation=7', 'REQUEST_URI', '2018-09-02 18:47:40'),
(158, '/hammerfall.net/www/', '', 'REQUEST_URI', '2018-09-02 18:49:02'),
(159, 'http://localhost/hammerfall.net/www/en/merchandise', '', '3', '2018-09-02 18:49:02'),
(160, '/hammerfall.net/www/en/merchandise', 'site_language=1&navigation=5', 'REQUEST_URI', '2018-09-02 18:49:02'),
(161, '/hammerfall.net/www/en/merchandise/product/tshirtbreakdownthewalls', 'site_language=1&navigation=5&view=product_group&gid=1', 'REQUEST_URI', '2018-09-02 18:49:05'),
(162, '/hammerfall.net/www/en/merchandise/product/tshirtbreakdownthewalls/tshirtbreakdownthewallssizes', 'site_language=1&navigation=5&view=product_variant&gid=1&pid=1', 'REQUEST_URI', '2018-09-02 18:59:05'),
(163, '/hammerfall.net/www/en/merchandise/product/tshirtbreakdownthewalls/tshirtbreakdownthewallssizes?form=webshop_cart_add', 'site_language=1&navigation=5&view=product_variant&gid=1&pid=1&form=webshop_cart_add', 'REQUEST_URI', '2018-09-02 18:59:07'),
(164, 'http://localhost/hammerfall.net/www/en/merchandise/product/tshirtbreakdownthewalls/tshirtbreakdownthewallssizes', 'site_language=1&navigation=5&view=product_variant&gid=1&pid=1&form=webshop_cart_add', '', '2018-09-02 18:59:07'),
(165, '/hammerfall.net/www/en/merchandise/product/tshirtbreakdownthewalls/tshirtbreakdownthewallssizes', 'site_language=1&navigation=5&view=product_variant&gid=1&pid=1', 'REQUEST_URI', '2018-09-02 18:59:08'),
(166, '/hammerfall.net/www/en/cart', 'site_language=1&navigation=7', 'REQUEST_URI', '2018-09-02 18:59:10'),
(167, '/hammerfall.net/www/en/merchandise', 'site_language=1&navigation=5', 'REQUEST_URI', '2018-09-02 19:01:32'),
(168, '/hammerfall.net/www/en/cart', 'site_language=1&navigation=7', 'REQUEST_URI', '2018-09-02 19:01:35'),
(169, '/hammerfall.net/www/en/merchandise', 'site_language=1&navigation=5', 'REQUEST_URI', '2018-09-02 19:01:38'),
(170, '/hammerfall.net/www/en/merchandise', 'site_language=1&navigation=5', 'REQUEST_URI', '2018-09-02 19:09:56'),
(171, '/hammerfall.net/www/en/admin', 'site_language=1&navigation=11', 'REQUEST_URI', '2018-09-02 19:33:05'),
(172, '/hammerfall.net/www/en/merchandise', 'site_language=1&navigation=5', 'REQUEST_URI', '2018-09-02 19:49:56'),
(173, '/hammerfall.net/www/en/?htaccess', 'site_language=1&htaccess', 'REQUEST_URI', '2018-09-02 19:50:04'),
(174, 'http://localhost/hammerfall.net/www/en/home', 'site_language=1&htaccess', '7', '2018-09-02 19:50:05'),
(175, '/hammerfall.net/www/en/home', 'site_language=1&navigation=1', 'REQUEST_URI', '2018-09-02 19:50:05'),
(176, 'http://localhost/hammerfall.net/www/', 'site_language=1&navigation=1', '', '2018-09-02 19:50:05'),
(177, '/hammerfall.net/www/', '', 'REQUEST_URI', '2018-09-02 19:50:05'),
(178, 'http://localhost/hammerfall.net/www/en/merchandise', '', '3', '2018-09-02 19:50:05'),
(179, '/hammerfall.net/www/en/merchandise', 'site_language=1&navigation=5', 'REQUEST_URI', '2018-09-02 19:50:06'),
(180, '/hammerfall.net/www/en/merchandise/product/capfh', 'site_language=1&navigation=5&view=product_group&gid=32', 'REQUEST_URI', '2018-09-02 19:50:15'),
(181, '/hammerfall.net/www/en/merchandise', 'site_language=1&navigation=5', 'REQUEST_URI', '2018-09-02 19:50:19'),
(182, '/hammerfall.net/www/en/merchandise/product/stickers', 'site_language=1&navigation=5&view=product_group&gid=38', 'REQUEST_URI', '2018-09-02 19:50:27'),
(183, '/hammerfall.net/www/en/merchandise', 'site_language=1&navigation=5', 'REQUEST_URI', '2018-09-02 19:50:40'),
(184, '/hammerfall.net/www/en/merchandise/category/kids', 'site_language=1&navigation=5&view=category&id=3', 'REQUEST_URI', '2018-09-02 19:52:39'),
(185, '/hammerfall.net/www/en/merchandise/product/babytshirthammerfall', 'site_language=1&navigation=5&view=product_group&gid=31', 'REQUEST_URI', '2018-09-02 19:52:42'),
(186, '/hammerfall.net/www/en/merchandise/category/kids', 'site_language=1&navigation=5&view=category&id=3', 'REQUEST_URI', '2018-09-02 19:52:45'),
(187, '/hammerfall.net/www/en/merchandise/category/kids', 'site_language=1&navigation=5&view=category&id=3', 'REQUEST_URI', '2018-09-02 19:52:49'),
(188, '/hammerfall.net/www/en/merchandise', 'site_language=1&navigation=5', 'REQUEST_URI', '2018-09-02 19:52:50'),
(189, '/hammerfall.net/www/en/merchandise/product/captruckerhf', 'site_language=1&navigation=5&view=product_group&gid=34', 'REQUEST_URI', '2018-09-02 19:53:10'),
(190, '/hammerfall.net/www/en/merchandise', 'site_language=1&navigation=5', 'REQUEST_URI', '2018-09-02 19:53:12'),
(191, '/hammerfall.net/www/en/merchandise', 'site_language=1&navigation=5', 'REQUEST_URI', '2018-09-03 09:22:51'),
(192, '/hammerfall.net/www/en/merchandise', 'site_language=1&navigation=5', 'REQUEST_URI', '2018-09-03 09:40:06');

-- --------------------------------------------------------

--
-- Table structure for table `navigation`
--

DROP TABLE IF EXISTS `navigation`;
CREATE TABLE IF NOT EXISTS `navigation` (
  `navigation_id` int(11) NOT NULL AUTO_INCREMENT,
  `navigation_id_parent` int(11) DEFAULT NULL,
  `navigation_module` int(11) DEFAULT NULL,
  `navigation_order` int(11) DEFAULT NULL,
  `translation_key_id` int(11) NOT NULL,
  `htaccess_url` text COLLATE utf8_unicode_ci NOT NULL,
  `navigation_file` text COLLATE utf8_unicode_ci,
  `responsive` int(11) DEFAULT NULL,
  `view_visitor` int(11) DEFAULT NULL COMMENT 'Visible as a visitor (Not logged in)',
  `view_user` int(11) DEFAULT NULL COMMENT 'Visible as a User (Logged in)',
  `view_shopkeeper` int(11) DEFAULT NULL COMMENT 'user is shopkeeper',
  `view_admin` int(11) DEFAULT NULL COMMENT 'User is admin',
  `view_developer` int(11) DEFAULT NULL COMMENT 'User is developer',
  PRIMARY KEY (`navigation_id`)
) ENGINE=InnoDB AUTO_INCREMENT=15 DEFAULT CHARSET=utf8 COLLATE=utf8_unicode_ci;

--
-- Dumping data for table `navigation`
--

INSERT INTO `navigation` (`navigation_id`, `navigation_id_parent`, `navigation_module`, `navigation_order`, `translation_key_id`, `htaccess_url`, `navigation_file`, `responsive`, `view_visitor`, `view_user`, `view_shopkeeper`, `view_admin`, `view_developer`) VALUES
(1, NULL, 1, 3, 5, 'home', 'navigation_page-home.php', NULL, NULL, NULL, NULL, NULL, 1),
(2, 1, NULL, 4, 6, 'news', 'navigation_page-news.php', NULL, NULL, NULL, NULL, NULL, 1),
(3, NULL, 1, 5, 9, 'band', 'navigation_page-band.php', NULL, NULL, NULL, NULL, NULL, 1),
(4, NULL, 1, 6, 10, 'releases', 'navigation_page-releases.php', NULL, NULL, NULL, NULL, NULL, 1),
(5, NULL, 1, 7, 11, 'merchandise', 'navigation_page-merchandise.php', NULL, NULL, NULL, NULL, NULL, NULL),
(6, NULL, 2, 2, 12, 'account', 'navigation_page-account.php', 1, NULL, NULL, NULL, NULL, NULL),
(7, NULL, 3, NULL, 13, 'cart', 'navigation_page-cart.php', NULL, 0, 1, NULL, NULL, NULL),
(8, NULL, 4, NULL, 14, 'search', 'navigation_page-search.php', NULL, NULL, NULL, NULL, NULL, 1),
(9, 6, NULL, NULL, 15, 'account/iforgot', 'navigation_page-account_retrieveal.php', NULL, NULL, 0, NULL, NULL, 1),
(10, 6, NULL, NULL, 20, 'account/register', 'form_account-register.php', NULL, NULL, 0, NULL, NULL, NULL),
(11, NULL, 5, 1, 28, 'admin', 'admin_navigation-overview.php', 1, NULL, NULL, 1, 1, NULL),
(12, 11, NULL, NULL, 29, 'admin/product_add', 'admin_form_product-add.php', NULL, 0, 0, 1, 1, NULL),
(13, 11, NULL, NULL, 42, 'admin/image_add', 'admin_form_image-upload.php', NULL, 0, 0, 1, 1, NULL),
(14, 11, NULL, NULL, 46, 'admin/product_group_add', 'admin_form_product_group-add.php', NULL, 0, 0, 1, 1, NULL);

-- --------------------------------------------------------

--
-- Table structure for table `social`
--

DROP TABLE IF EXISTS `social`;
CREATE TABLE IF NOT EXISTS `social` (
  `social_id` int(11) NOT NULL AUTO_INCREMENT,
  `social_name` text COLLATE utf8_unicode_ci NOT NULL,
  `social_url` text COLLATE utf8_unicode_ci NOT NULL,
  `htaccess_url` text COLLATE utf8_unicode_ci,
  `social_order` int(11) DEFAULT NULL,
  PRIMARY KEY (`social_id`)
) ENGINE=InnoDB AUTO_INCREMENT=6 DEFAULT CHARSET=utf8 COLLATE=utf8_unicode_ci;

--
-- Dumping data for table `social`
--

INSERT INTO `social` (`social_id`, `social_name`, `social_url`, `htaccess_url`, `social_order`) VALUES
(1, 'Facebook', 'https://www.facebook.com/hammerfall', 'facebook', 1),
(2, 'Instagram', 'https://www.instagram.com/hammerfall_official', 'instagram', 2),
(3, 'Twitter', 'https://www.twitter.com/hammerfall', 'twitter', 3),
(4, 'Spotify', 'https://open.spotify.com/artist/2o18h28enlHxj887tATc58', 'spotify', 4),
(5, 'YouTube', 'https://www.youtube.com/hammerfall', 'youtube', 5);

-- --------------------------------------------------------

--
-- Table structure for table `translation`
--

DROP TABLE IF EXISTS `translation`;
CREATE TABLE IF NOT EXISTS `translation` (
  `translation_id` int(11) NOT NULL AUTO_INCREMENT,
  `translation_key_id` int(11) NOT NULL,
  `translation_language_id` int(11) NOT NULL,
  `translation_text` text COLLATE utf8_unicode_ci,
  PRIMARY KEY (`translation_id`)
) ENGINE=InnoDB AUTO_INCREMENT=2740 DEFAULT CHARSET=utf8 COLLATE=utf8_unicode_ci;

--
-- Dumping data for table `translation`
--

INSERT INTO `translation` (`translation_id`, `translation_key_id`, `translation_language_id`, `translation_text`) VALUES
(1, 1, 1, 'The terms of usage has updated.'),
(2, 2, 1, 'By using this website, you accept our <a href=\"#\">terms of usage</a>.'),
(3, 3, 1, 'Accept'),
(4, 4, 1, 'Decline'),
(5, 1, 2, 'Användarvillkoren har uppdateras.'),
(6, 2, 2, 'Genom att använda denna webbplats godkänner du våra </a href=\"#\">användarvillkor</a>.'),
(7, 3, 2, 'Acceptera'),
(8, 4, 2, 'Neka'),
(9, 5, 1, 'Home'),
(10, 6, 1, 'News'),
(11, 5, 2, 'Hem'),
(12, 6, 2, 'Nyheter'),
(13, 7, 1, 'English'),
(14, 7, 2, 'Engelska'),
(15, 8, 1, 'Swedish'),
(16, 8, 2, 'Svenska'),
(17, 9, 1, 'Band'),
(18, 9, 2, 'Bandet'),
(19, 10, 1, 'Releases'),
(20, 10, 2, 'Utgivningar'),
(21, 11, 1, 'Store'),
(22, 11, 2, 'Butik'),
(23, 12, 1, 'Account'),
(24, 12, 2, 'Konto'),
(25, 13, 1, 'Cart'),
(26, 13, 2, 'Kundvagn'),
(27, 14, 1, 'Search'),
(28, 14, 2, 'Sök'),
(29, 15, 1, 'Account retrieveal'),
(30, 15, 2, 'Konto återställning'),
(31, 16, 1, 'Username'),
(32, 16, 2, 'Användarnamn'),
(33, 17, 1, 'Password'),
(34, 17, 2, 'Lösenord'),
(35, 18, 1, 'Log in'),
(36, 18, 2, 'Logga in'),
(37, 19, 1, 'E-mail'),
(38, 19, 2, 'E-postadress'),
(39, 20, 1, 'Register account'),
(40, 20, 2, 'Registrera konto'),
(41, 21, 1, 'Register'),
(42, 21, 2, 'Registrera'),
(43, 22, 1, 'Men'),
(44, 22, 2, 'Herr'),
(45, 23, 1, 'Women'),
(46, 23, 2, 'Dam'),
(47, 24, 1, 'Kids'),
(48, 24, 2, 'Barn'),
(49, 25, 1, 'Accessories'),
(50, 25, 2, 'Accessoarer'),
(51, 26, 1, 'Caps'),
(52, 26, 2, 'Kepsar'),
(53, 27, 1, 'Beanies'),
(54, 27, 2, 'Mössor'),
(55, 28, 1, 'Admin'),
(56, 28, 2, 'Admin'),
(57, 29, 1, 'Add product variant'),
(58, 29, 2, 'Lägg till produkt variant'),
(59, 30, 1, 'Create product'),
(60, 30, 2, 'Skapa produkt'),
(61, 31, 1, 'Product Title (English)'),
(62, 31, 2, 'Produkt Titel (Engelska)'),
(63, 32, 1, 'Product Description (English)'),
(64, 32, 2, 'Produkt Beskrivning (Engelska)'),
(65, 33, 1, 'Product Title (Swedish)'),
(66, 33, 2, 'Produkt Titel (Svenska)'),
(67, 34, 1, 'Product Description (Swedish)'),
(68, 34, 2, 'Produkt Beskrivning (Svenska)'),
(69, 35, 1, 'Add product'),
(70, 35, 2, 'Lägg till produkt'),
(71, 36, 1, 'Add a title for the product in English'),
(72, 36, 2, 'Lägg till en produkt titel på Engelska'),
(73, 37, 1, 'Add a product description in English'),
(74, 37, 2, 'Lägg till en produkt beskrivning på Engelska'),
(75, 38, 1, 'Add a title for the product in Swedish'),
(76, 38, 2, 'Lägg till en produkt titel på Svenska'),
(77, 39, 1, 'Add a product description in Swedish'),
(78, 39, 2, 'Lägg till en produkt beskrivning på Svenska'),
(79, 40, 1, 'Categories'),
(80, 40, 2, 'Kategorier'),
(81, 41, 1, 'Latest Products'),
(82, 41, 2, 'Senaste produkterna'),
(83, 42, 1, 'Upload product images'),
(84, 42, 2, 'Ladda upp produkt bilder'),
(85, 43, 1, 'Image Upload'),
(86, 43, 2, 'Ladda upp bilder'),
(87, 44, 1, 'Upload selected images'),
(88, 44, 2, 'Ladda upp valda bilder'),
(89, 45, 1, 'Select images'),
(90, 45, 2, 'Välj bilder'),
(91, 46, 1, 'Add product group'),
(92, 46, 2, 'Lägg till produkt grupp'),
(93, 47, 1, 'Product Group Specific url'),
(94, 47, 2, 'Specifik produktgrupp url'),
(95, 48, 1, 'URL Text without spaces that describes the product group'),
(96, 48, 2, 'URL Text utan mellanslag, som beskriver en produkgrupp.'),
(97, 49, 1, 'Product Group Title (English)'),
(98, 49, 2, 'Titel för produtgrupp (Engelska)'),
(99, 50, 1, 'Text with spaces that describes the product group (English)'),
(100, 50, 2, 'Text med mellanslag, som beskriver en produkgrupp. (Engelska)'),
(101, 51, 1, 'Product Group Title (Swedish)'),
(102, 51, 2, 'Titel för produtgrupp (Svenska)'),
(103, 52, 1, 'Text with spaces that describes the product group (Swedish)'),
(104, 52, 2, 'Text med mellanslag, som beskriver en produkgrupp. (Svenska)'),
(105, 53, 1, 'Add product Group'),
(106, 53, 2, 'Lägg till produkt grupp'),
(107, 54, 1, 'URL for product'),
(108, 54, 2, 'Specifikt produkt URL'),
(109, 55, 1, 'Text without spaces that describes the product for URL'),
(110, 55, 2, 'Text utan mellanslag som beskriver produkten för URL'),
(111, 56, 1, 'Choose images'),
(112, 56, 2, 'Välj bilder'),
(113, 57, 1, 'Product group'),
(114, 57, 2, 'Produkt grupp'),
(115, 58, 1, 'Product category'),
(116, 58, 2, 'Produkt kategori'),
(117, 59, 1, 'Price'),
(118, 59, 2, 'Pris'),
(119, 60, 1, 'How much does the product cost?'),
(120, 60, 2, 'Hur mycket kostar produkten?'),
(121, 61, 1, 'Stock'),
(122, 61, 2, 'Lager'),
(123, 62, 1, 'How much is now in stock?'),
(124, 62, 2, 'Hur mycket finns just nu i lager?'),
(125, 63, 1, 'In stock'),
(126, 63, 2, 'Antal I lager'),
(127, 64, 1, 'Price'),
(128, 64, 2, 'Pris'),
(129, 65, 1, 'In order to make a purchase you need to log in!'),
(130, 65, 2, 'För att kunna handla behöver du logga in!'),
(131, 66, 1, 'Add to cart'),
(132, 66, 2, 'Lägg till i varukorg'),
(133, 67, 1, 'Unisex'),
(134, 67, 2, 'Unisex'),
(2000, 1000, 1, 'T-Shirt Break Down The Walls'),
(2001, 1000, 2, 'T-Shirt Break Down The Walls'),
(2002, 1001, 1, 'T-Shirt Break Down The Walls Size S'),
(2003, 1001, 2, 'T-Shirt Break Down The Walls Strl S'),
(2004, 1002, 1, 'Material: 100% Cotton.\r\n\r\n'),
(2005, 1002, 2, 'Material: 100% Bomull.'),
(2006, 1003, 1, 'T-Shirt Break Down The Walls Size M'),
(2007, 1003, 2, 'T-Shirt Break Down The Walls Strl M'),
(2008, 1004, 1, 'Material: 100% Cotton.\r\n\r\n'),
(2009, 1004, 2, 'Material: 100% Bomull.'),
(2010, 1005, 1, 'T-Shirt Break Down The Walls Size L'),
(2011, 1005, 2, 'T-Shirt Break Down The Walls Strl L'),
(2012, 1006, 1, 'Material: 100% Cotton.\r\n\r\n'),
(2013, 1006, 2, 'Material: 100% Bomull\r\n\r\n'),
(2014, 1007, 1, 'T-Shirt Hammer High'),
(2015, 1007, 2, 'T-Shirt Hammer High'),
(2016, 1008, 1, 'T-Shirt Break Down The Walls Size XL'),
(2017, 1008, 2, 'T-Shirt Break Down The Walls Strl XL'),
(2018, 1009, 1, 'Material: 100% Cotton\r\n\r\n'),
(2019, 1009, 2, 'Material: 100% Bomull.\r\n\r\n'),
(2020, 1010, 1, 'T-Shirt Break Down The Walls Size XXL'),
(2021, 1010, 2, 'T-Shirt Break Down The Walls Strl XXL'),
(2022, 1011, 1, 'Material: 100% Cotton.\r\n\r\n'),
(2023, 1011, 2, 'Material: 100% Bomull.\r\n\r\n'),
(2024, 1012, 1, 'T-Shirt Break Down The Walls Size XXXL'),
(2025, 1012, 2, 'T-Shirt Break Down The Walls Strl XXXL'),
(2026, 1013, 1, 'Material: 100% Cotton.\r\n\r\n'),
(2027, 1013, 2, 'Material: 100% Bomull.\r\n\r\n'),
(2028, 1014, 1, 'T-Shirt Break Down The Walls Size XXXXL'),
(2029, 1014, 2, 'T-Shirt Break Down The Walls Strl XXXXL'),
(2030, 1015, 1, 'Material: 100% Cotton.\r\n\r\n'),
(2031, 1015, 2, 'Material: 100% Bomull.\r\n\r\n'),
(2032, 1016, 1, 'T-Shirt Hector With Guitar'),
(2033, 1016, 2, 'T-Shirt Hector With Guitar'),
(2034, 1017, 1, 'T-Shirt Hector With Guitar Size S'),
(2035, 1017, 2, 'T-Shirt Hector With Guitar Strl S'),
(2036, 1018, 1, 'Material: 100% Cotton.\r\n\r\n'),
(2037, 1018, 2, 'Material: 100% Bomull.\r\n\r\n'),
(2038, 1019, 1, 'T-Shirt Hector With Guitar Size M'),
(2039, 1019, 2, 'T-Shirt Hector With Guitar Strl M'),
(2040, 1020, 1, 'Material: 100% Cotton.\r\n\r\n'),
(2041, 1020, 2, 'Material: 100% Bomull.\r\n\r\n'),
(2042, 1021, 1, 'T-Shirt Hector With Guitar Size L'),
(2043, 1021, 2, 'T-Shirt Hector With Guitar Strl L'),
(2044, 1022, 1, 'Material: 100% Cotton.\r\n\r\n'),
(2045, 1022, 2, 'Material: 100% Bomull.\r\n\r\n'),
(2046, 1023, 1, 'T-Shirt Hector With Guitar Size XL'),
(2047, 1023, 2, 'T-Shirt Hector With Guitar Strl XL'),
(2048, 1024, 1, 'Material: 100% Cotton.\r\n\r\n'),
(2049, 1024, 2, 'Material: 100% Bomull.\r\n\r\n'),
(2050, 1025, 1, 'T-Shirt Hector With Guitar Size XXL'),
(2051, 1025, 2, 'T-Shirt Hector With Guitar Strl XXL'),
(2052, 1026, 1, 'Material: 100% Cotton.\r\n\r\n'),
(2053, 1026, 2, 'Material: 100% Bomull.\r\n\r\n'),
(2054, 1027, 1, 'T-Shirt Hector With Guitar Size XXXL'),
(2055, 1027, 2, 'T-Shirt Hector With Guitar Strl XXXL'),
(2056, 1028, 1, 'Material: 100% Cotton.\r\n\r\n'),
(2057, 1028, 2, 'Material: 100% Bomull.\r\n\r\n'),
(2058, 1029, 1, 'T-Shirt Break Down The Walls Size XXXXL'),
(2059, 1029, 2, 'T-Shirt Hector With Guitar Strl XXXXL'),
(2060, 1030, 1, 'Material: 100% Cotton.\r\n\r\n'),
(2061, 1030, 2, 'Material: 100% Bomull.\r\n\r\n'),
(2062, 1031, 1, 'T-Shirt Hammer High Size S'),
(2063, 1031, 2, 'T-Shirt Hammer High Strl S'),
(2064, 1032, 1, 'Material: 100% Cotton.\r\n\r\n'),
(2065, 1032, 2, 'Material: 100% Bomull.\r\n\r\n'),
(2066, 1033, 1, 'T-Shirt Hammer High Size M'),
(2067, 1033, 2, 'T-Shirt Hammer High Strl M'),
(2068, 1034, 1, 'Material: 100% Cotton.\r\n\r\n'),
(2069, 1034, 2, 'Material: 100% Bomull.\r\n\r\n'),
(2070, 1035, 1, 'T-Shirt Hammer High Size L'),
(2071, 1035, 2, 'T-Shirt Hammer High Strl L'),
(2072, 1036, 1, 'Material: 100% Cotton.\r\n\r\n'),
(2073, 1036, 2, 'Material: 100% Bomull.\r\n\r\n'),
(2074, 1037, 1, 'T-Shirt Hammer High Size XL'),
(2075, 1037, 2, 'T-Shirt Hammer High Strl XL'),
(2076, 1038, 1, 'Material: 100% Cotton.\r\n\r\n'),
(2077, 1038, 2, 'Material: 100% Bomull.\r\n\r\n'),
(2078, 1039, 1, 'T-Shirt Hammer High Size XXL'),
(2079, 1039, 2, 'T-Shirt Hammer High Strl XXL'),
(2080, 1040, 1, 'Material: 100% Cotton.\r\n\r\n'),
(2081, 1040, 2, 'Material: 100% Bomull.\r\n\r\n'),
(2082, 1041, 1, 'T-Shirt Hammer High Size XXXL'),
(2083, 1041, 2, 'T-Shirt Hammer High Strl XXXL'),
(2084, 1042, 1, 'Material: 100% Cotton.\r\n\r\n'),
(2085, 1042, 2, 'Material: 100% Bomull.\r\n\r\n'),
(2086, 1043, 1, 'T-Shirt Hammer High Size XXXXL'),
(2087, 1043, 2, 'T-Shirt Hammer High Strl XXXXL'),
(2088, 1044, 1, 'Material: 100% Cotton.\r\n\r\n'),
(2089, 1044, 2, 'Material: 100% Bomull.\r\n\r\n'),
(2090, 1045, 1, 'T-Shirt Hector Hockey Sweden'),
(2091, 1045, 2, 'T-Shirt Hector Hockey Sweden'),
(2092, 1046, 1, 'T-Shirt Hector Hockey Sweden Size S'),
(2093, 1046, 2, 'T-Shirt Hector Hockey Sweden Strl S'),
(2094, 1047, 1, 'Material: 100% Cotton.\r\n\r\n'),
(2095, 1047, 2, 'Material: 100% Bomull.\r\n\r\n'),
(2096, 1048, 1, 'T-Shirt Hector Hockey Sweden Size M'),
(2097, 1048, 2, 'T-Shirt Hector Hockey Sweden Strl M'),
(2098, 1049, 1, 'Material: 100% Cotton.\r\n\r\n'),
(2099, 1049, 2, 'Material: 100% Bomull.\r\n\r\n'),
(2100, 1050, 1, 'T-Shirt Hector Hockey Sweden Size L'),
(2101, 1050, 2, 'T-Shirt Hector Hockey Sweden Strl L'),
(2102, 1051, 1, 'Material: 100% Cotton.\r\n\r\n'),
(2103, 1051, 2, 'Material: 100% Bomull.\r\n\r\n'),
(2104, 1052, 1, 'T-Shirt Hector Hockey Sweden Size XL'),
(2105, 1052, 2, 'T-Shirt Hector Hockey Sweden Strl XL'),
(2106, 1053, 1, 'Material: 100% Cotton.\r\n\r\n'),
(2107, 1053, 2, 'Material: 100% Bomull.\r\n\r\n'),
(2108, 1054, 1, 'T-Shirt Hector Hockey Sweden Size XXL'),
(2109, 1054, 2, 'T-Shirt Hector Hockey Sweden Strl XXL'),
(2110, 1055, 1, 'Material: 100% Cotton.\r\n\r\n'),
(2111, 1055, 2, 'Material: 100% Bomull.\r\n\r\n'),
(2112, 1056, 1, 'T-Shirt Hector Hockey Sweden Size XXXXL'),
(2113, 1056, 2, 'T-Shirt Hector Hockey Sweden Strl XXXXL'),
(2114, 1057, 1, 'Material: 100% Cotton.\r\n\r\n'),
(2115, 1057, 2, 'Material: 100% Bomull.\r\n\r\n'),
(2116, 1058, 1, 'Baseball Break Down The Walls'),
(2117, 1058, 2, 'Baseball Break Down The Walls'),
(2118, 1059, 1, 'Baseball Break Down The Walls Size L'),
(2119, 1059, 2, 'Baseball Break Down The Walls Strl L'),
(2120, 1060, 1, 'Material: 100% Cotton.\r\n\r\n'),
(2121, 1060, 2, 'Material: 100% Bomull.\r\n\r\n'),
(2122, 1061, 1, 'Baseball Break Down The Walls Size XL'),
(2123, 1061, 2, 'Baseball Break Down The Walls Strl XL'),
(2124, 1062, 1, 'Material: 100% Cotton.\r\n\r\n'),
(2125, 1062, 2, 'Material: 100% Bomull.\r\n\r\n'),
(2126, 1063, 1, 'Baseball Break Down The Walls Size XXL'),
(2127, 1063, 2, 'Baseball Break Down The Walls Strl XXL'),
(2128, 1064, 1, 'Material: 100% Cotton.\r\n\r\n'),
(2129, 1064, 2, 'Material: 100% Bomull.\r\n\r\n'),
(2130, 1065, 1, 'Baseball Hammer High'),
(2131, 1065, 2, 'Baseball Hammer High'),
(2132, 1066, 1, 'Baseball Hammer High Size S'),
(2133, 1066, 2, 'Baseball Hammer High Strl S'),
(2134, 1067, 1, 'Material: 100% Cotton.\r\n\r\n'),
(2135, 1067, 2, 'Material: 100% Bomull.\r\n\r\n'),
(2136, 1068, 1, 'Baseball Hammer High Size M'),
(2137, 1068, 2, 'Baseball Hammer High Strl M'),
(2138, 1069, 1, 'Material: 100% Cotton.\r\n\r\n'),
(2139, 1069, 2, 'Material: 100% Bomull.\r\n\r\n'),
(2140, 1070, 1, 'Baseball Hammer High Size L'),
(2141, 1070, 2, 'Baseball Hammer High Strl L'),
(2142, 1071, 1, 'Material: 100% Cotton.\r\n\r\n'),
(2143, 1071, 2, 'Material: 100% Bomull.\r\n\r\n'),
(2144, 1072, 1, 'Baseball Hammer High Size XL'),
(2145, 1072, 2, 'Baseball Hammer High Strl XL'),
(2146, 1073, 1, 'Material: 100% Cotton.\r\n\r\n'),
(2147, 1073, 2, 'Material: 100% Bomull.\r\n\r\n'),
(2148, 1074, 1, 'Baseball Hammer High Size XXL'),
(2149, 1074, 2, 'Baseball Hammer High Strl XXL'),
(2150, 1075, 1, 'Material: 100% Cotton.\r\n\r\n'),
(2151, 1075, 2, 'Material: 100% Bomull.\r\n\r\n'),
(2152, 1076, 1, 'Hood Break Down The Walls'),
(2153, 1076, 2, 'Hood Break Down The Walls'),
(2154, 1077, 1, 'Hood Break Down The Walls Size XS'),
(2155, 1077, 2, 'Hood Break Down The Walls Strl XS'),
(2156, 1078, 1, 'Material: 70% Cotton, 30% Polyester.\r\n\r\n'),
(2157, 1078, 2, 'Material: 70% Bomull, 30% Polyester.\r\n\r\n'),
(2158, 1079, 1, 'Hood Break Down The Walls Size S'),
(2159, 1079, 2, 'Hood Break Down The Walls Strl S'),
(2160, 1080, 1, 'Material: 70% Cotton, 30% Polyester.\r\n\r\n'),
(2161, 1080, 2, 'Material: 70% Bomull, 30% Polyester.\r\n\r\n'),
(2162, 1081, 1, 'Hood Break Down The Walls Size M'),
(2163, 1081, 2, 'Hood Break Down The Walls Strl M'),
(2164, 1082, 1, 'Material: 70% Cotton, 30% Polyester.'),
(2165, 1082, 2, 'Material: 70% Bomull, 30% Polyester.'),
(2166, 1083, 1, 'Hood Break Down The Walls Size L'),
(2167, 1083, 2, 'Hood Break Down The Walls Strl L'),
(2168, 1084, 1, 'Material: 70% Cotton, 30% Polyester.\r\n\r\n'),
(2169, 1084, 2, 'Material: 70% Bomull, 30% Polyester.\r\n\r\n'),
(2170, 1085, 1, 'Hood Break Down The Walls Size XL'),
(2171, 1085, 2, 'Hood Break Down The Walls Strl XL'),
(2172, 1086, 1, 'Material: 70% Cotton, 30% Polyester.\r\n\r\n'),
(2173, 1086, 2, 'Material: 70% Bomull, 30% Polyester.\r\n\r\n'),
(2174, 1087, 1, 'Hood Break Down The Walls Size XXL'),
(2175, 1087, 2, 'Hood Break Down The Walls Strl XXL'),
(2176, 1088, 1, 'Material: 70% Cotton, 30% Polyester.\r\n\r\n'),
(2177, 1088, 2, 'Material: 70% Bomull, 30% Polyester.\r\n\r\n'),
(2178, 1089, 1, 'Hood Break Down The Walls Size XXXL'),
(2179, 1089, 2, 'Hood Break Down The Walls Strl XXXL'),
(2180, 1090, 1, 'Material: 70% Cotton, 30% Polyester.\r\n\r\n'),
(2181, 1090, 2, 'Material: 70% Bomull, 30% Polyester.\r\n\r\n'),
(2182, 1091, 1, 'Hood Break Down The Walls Size XXXXL'),
(2183, 1091, 2, 'Hood Break Down The Walls Strl XXXXL'),
(2184, 1092, 1, 'Material: 70% Cotton, 30% Polyester.\r\n\r\n'),
(2185, 1092, 2, 'Material: 70% Bomull, 30% Polyester.\r\n\r\n'),
(2186, 1093, 1, 'Hood Hammer High'),
(2187, 1093, 2, 'Hood Hammer High'),
(2188, 1094, 1, 'Hood Hammer High Size XS'),
(2189, 1094, 2, 'Hood Hammer High Strl XS'),
(2190, 1095, 1, 'Material: 70% Cotton, 30% Polyester.\r\n\r\n'),
(2191, 1095, 2, 'Material: 70% Bomull, 30% Polyester.\r\n\r\n'),
(2192, 1096, 1, 'Hood Hammer High Size S'),
(2193, 1096, 2, 'Hood Hammer High Strl S'),
(2194, 1097, 1, 'Material: 70% Cotton, 30% Polyester.\r\n\r\n'),
(2195, 1097, 2, 'Material: 70% Bomull, 30% Polyester.\r\n\r\n'),
(2196, 1098, 1, 'Hood Hammer High Size M'),
(2197, 1098, 2, 'Hood Hammer High Strl M'),
(2198, 1099, 1, 'Material: 70% Cotton, 30% Polyester.\r\n\r\n'),
(2199, 1099, 2, 'Material: 70% Bomull, 30% Polyester.\r\n\r\n'),
(2200, 1100, 1, 'Hood Hammer High Size L'),
(2201, 1100, 2, 'Hood Hammer High Strl L'),
(2202, 1101, 1, 'Material: 70% Cotton, 30% Polyester.\r\n\r\n'),
(2203, 1101, 2, 'Material: 70% Bomull, 30% Polyester.\r\n\r\n'),
(2204, 1102, 1, 'Hood Hammer High Size XL'),
(2205, 1102, 2, 'Hood Hammer High Strl XL'),
(2206, 1103, 1, 'Material: 70% Cotton, 30% Polyester.\r\n\r\n'),
(2207, 1103, 2, 'Material: 70% Bomull, 30% Polyester.\r\n\r\n'),
(2208, 1104, 1, 'Hood Hammer High Size XXL'),
(2209, 1104, 2, 'Hood Hammer High Strl XXL'),
(2210, 1105, 1, 'Material: 70% Cotton, 30% Polyester.\r\n\r\n'),
(2211, 1105, 2, 'Material: 70% Bomull, 30% Polyester.\r\n\r\n'),
(2212, 1106, 1, 'Hood Hammer High Size XXXL'),
(2213, 1106, 2, 'Hood Hammer High Strl XXXL'),
(2214, 1107, 1, 'Material: 70% Cotton, 30% Polyester.\r\n\r\n'),
(2215, 1107, 2, 'Material: 70% Bomull, 30% Polyester.\r\n\r\n'),
(2216, 1108, 1, 'Hood Break Down The Walls Size XXXXL'),
(2217, 1108, 2, 'Hood Break Down The Walls Strl XXXXL'),
(2218, 1109, 1, 'Material: 70% Cotton, 30% Polyester.\r\n\r\n'),
(2219, 1109, 2, 'Material: 70% Bomull, 30% Polyester.\r\n\r\n'),
(2220, 1110, 1, 'Tank Break Down The Walls'),
(2221, 1110, 2, 'Linne Break Down The Walls'),
(2222, 1111, 1, 'Tank Break Down The Walls Size S'),
(2223, 1111, 2, 'Linne Break Down The Walls Strl S'),
(2224, 1112, 1, 'Material: 100% Cotton.\r\n\r\n'),
(2225, 1112, 2, 'Material: 100% Bomull.\r\n\r\n'),
(2226, 1113, 1, 'Tank Break Down The Walls Size M'),
(2227, 1113, 2, 'Linne Break Down The Walls Strl M'),
(2228, 1114, 1, 'Material: 100% Cotton.\r\n\r\n'),
(2229, 1114, 2, 'Material: 100% Bomull.\r\n\r\n'),
(2230, 1115, 1, 'Tank Break Down The Walls Size L'),
(2231, 1115, 2, 'Linne Break Down The Walls Strl L'),
(2232, 1116, 1, 'Material: 100% Cotton.\r\n\r\n'),
(2233, 1116, 2, 'Material: 100% Bomull.\r\n\r\n'),
(2234, 1117, 1, 'Tank Break Down The Walls Size XL'),
(2235, 1117, 2, 'Linne Break Down The Walls Strl XL'),
(2236, 1118, 1, 'Material: 100% Cotton.\r\n\r\n'),
(2237, 1118, 2, 'Material: 100% Bomull.\r\n\r\n'),
(2238, 1119, 1, 'Tank Break Down The Walls Size XXL'),
(2239, 1119, 2, 'Linne Break Down The Walls Strl XXL'),
(2240, 1120, 1, 'Material: 100% Cotton.\r\n\r\n'),
(2241, 1120, 2, 'Material: 100% Bomull.\r\n\r\n'),
(2242, 1121, 1, 'Tank Break Down The Walls Size XXXL'),
(2243, 1121, 2, 'Linne Break Down The Walls Strl XXXL'),
(2244, 1122, 1, 'Material: 100% Cotton.\r\n\r\n'),
(2245, 1122, 2, 'Material: 100% Bomull.\r\n\r\n'),
(2246, 1123, 1, 'Tank Break Down The Walls Size XXXXL'),
(2247, 1123, 2, 'Linne Break Down The Walls Strl XXXXL'),
(2248, 1124, 1, 'Material: 100% Cotton.\r\n\r\n'),
(2249, 1124, 2, 'Material: 100% Bomull.\r\n\r\n'),
(2250, 1125, 1, 'Tank Hammer High'),
(2251, 1125, 2, 'Linne Hammer High'),
(2252, 1126, 1, 'Tank Hammer High Size S'),
(2253, 1126, 2, 'Linne Hammer High Strl S'),
(2254, 1127, 1, 'Material: 100% Cotton.\r\n\r\n'),
(2255, 1127, 2, 'Material: 100% Bomull.\r\n\r\n'),
(2256, 1128, 1, 'Tank Hammer High Size M'),
(2257, 1128, 2, 'Linne Hammer High Strl M'),
(2258, 1129, 1, 'Material: 100% Cotton.\r\n\r\n'),
(2259, 1129, 2, 'Material: 100% Bomull.\r\n\r\n'),
(2260, 1130, 1, 'Tank Hammer High Size L'),
(2261, 1130, 2, 'Linne Hammer High Strl L'),
(2262, 1131, 1, 'Material: 100% Cotton.\r\n\r\n'),
(2263, 1131, 2, 'Material: 100% Bomull.\r\n\r\n'),
(2264, 1132, 1, 'Tank Hammer High Size XL'),
(2265, 1132, 2, 'Linne Hammer High Strl XL'),
(2266, 1133, 1, 'Material: 100% Cotton.\r\n\r\n'),
(2267, 1133, 2, 'Material: 100% Bomull.\r\n\r\n'),
(2268, 1134, 1, 'Tank Hammer High Size XXL'),
(2269, 1134, 2, 'Linne Hammer High Strl XXL'),
(2270, 1135, 1, 'Material: 100% Cotton.\r\n\r\n'),
(2271, 1135, 2, 'Material: 100% Bomull.\r\n\r\n'),
(2272, 1136, 1, 'Tank Hammer High Size XXXL'),
(2273, 1136, 2, 'Linne Hammer High Strl XXXL'),
(2274, 1137, 1, 'Material: 100% Cotton.\r\n\r\n'),
(2275, 1137, 2, 'Material: 100% Bomull.\r\n\r\n'),
(2276, 1138, 1, 'Tank Hammer High Size XXXXL'),
(2277, 1138, 2, 'Linne Break Down The Walls Strl XXXXL'),
(2278, 1139, 1, 'Material: 100% Cotton.\r\n\r\n'),
(2279, 1139, 2, 'Material: 100% Bomull.\r\n\r\n'),
(2280, 1140, 1, 'Beanie Hammerfall'),
(2281, 1140, 2, 'Mössa Hammerfall'),
(2282, 1141, 1, 'Material: 100% Acrylic.\r\n\r\n'),
(2283, 1141, 2, 'Material: 100% Akryl.\r\n\r\n'),
(2284, 1142, 1, 'Beanie HF'),
(2285, 1142, 2, 'Mössa HF'),
(2286, 1143, 1, 'Material: 100% Acrylic.'),
(2287, 1143, 2, 'Material: 100% Akryl.'),
(2288, 1144, 1, 'Beanie Folded Hammerfall'),
(2289, 1144, 2, 'Mössa Uppvikt Hammerfall'),
(2290, 1145, 1, 'Material: 100% Acrylic.\r\n\r\n'),
(2291, 1145, 2, 'Material: 100% Akryl.\r\n\r\n'),
(2292, 1146, 1, 'Cotton Beanie Hammerfall 1993'),
(2293, 1146, 2, 'Bomullsmössa Hammerfall 1993'),
(2294, 1147, 1, 'Material: 92% Cotton, 8% Spandex.\r\n\r\n'),
(2295, 1147, 2, 'Material: 92% Bomull, 8% Spandex.\r\n\r\n'),
(2296, 1148, 1, 'Cotton Beanie Templars Of Steel'),
(2297, 1148, 2, 'Bomullsmössa Templars Of Steel'),
(2298, 1149, 1, 'Material: 92% Cotton, 8% Spandex.\r\n\r\n'),
(2299, 1149, 2, 'Material: 92% Bomull, 8% Spandex.\r\n\r\n'),
(2300, 1150, 1, 'Cotton Beanie Rebel 4 Life'),
(2301, 1150, 2, 'Bomullsmössa Rebel 4 Life'),
(2302, 1151, 1, 'Material: 92% Cotton, 8% Spandex.\r\n\r\n'),
(2303, 1151, 2, 'Material: 92% Bomull, 8% Spandex.\r\n\r\n'),
(2304, 1152, 1, 'Long Sleeve Break Down The Walls'),
(2305, 1152, 2, 'Långärmad Break Down The Walls'),
(2306, 1153, 1, 'Long Sleeve Break Down The Walls Size XS'),
(2307, 1153, 2, 'Långärmad Break Down The Walls Strl XS'),
(2308, 1154, 1, 'Material: 100% Cotton.\r\n\r\n'),
(2309, 1154, 2, 'Material: 100% Bomull.\r\n\r\n'),
(2310, 1155, 1, 'Long Sleeve Break Down The Walls Size S'),
(2311, 1155, 2, 'Långärmad Break Down The Walls Strl S'),
(2312, 1156, 1, 'Material: 100% Cotton.\r\n\r\n'),
(2313, 1156, 2, 'Material: 100% Bomull.\r\n\r\n'),
(2314, 1157, 1, 'Long Sleeve Break Down The Walls Size M'),
(2315, 1157, 2, 'Långärmad Break Down The Walls Strl M'),
(2316, 1158, 1, 'Material: 100% Cotton.\r\n\r\n'),
(2317, 1158, 2, 'Material: 100% Bomull.\r\n\r\n'),
(2318, 1159, 1, 'Long Sleeve Break Down The Walls Size L'),
(2319, 1159, 2, 'Långärmad Break Down The Walls Strl L'),
(2320, 1160, 1, 'Material: 100% Cotton.\r\n\r\n'),
(2321, 1160, 2, 'Material: 100% Bomull.\r\n\r\n'),
(2322, 1161, 1, 'Long Sleeve Break Down The Walls Size XL'),
(2323, 1161, 2, 'Långärmad Break Down The Walls Strl XL'),
(2324, 1162, 1, 'Material: 100% Cotton.\r\n\r\n'),
(2325, 1162, 2, 'Material: 100% Bomull.\r\n\r\n'),
(2326, 1163, 1, 'Long Sleeve Break Down The Walls Size XXL'),
(2327, 1163, 2, 'Långärmad Break Down The Walls Strl XXL'),
(2328, 1164, 1, 'Material: 100% Cotton.\r\n\r\n'),
(2329, 1164, 2, 'Material: 100% Bomull.\r\n\r\n'),
(2330, 1165, 1, 'Long Sleeve Break Down The Walls Size XXXL'),
(2331, 1165, 2, 'Långärmad Break Down The Walls Strl XXXL'),
(2332, 1166, 1, 'Material: 100% Cotton.\r\n\r\n'),
(2333, 1166, 2, 'Material: 100% Bomull.\r\n\r\n'),
(2334, 1167, 1, 'Long Sleeve Break Down The Walls Size XXXXL'),
(2335, 1167, 2, 'Långärmad Break Down The Walls Strl XXXXL'),
(2336, 1168, 1, 'Material: 100% Cotton.\r\n\r\n'),
(2337, 1168, 2, 'Material: 100% Bomull.\r\n\r\n'),
(2338, 1169, 1, 'Long Sleeve Hammer High'),
(2339, 1169, 2, 'Långärmad Hammer High'),
(2340, 1170, 1, 'Ladies Hood Break Down The Walls'),
(2341, 1170, 2, 'Dam Hood Break Down The Walls'),
(2342, 1171, 1, 'Long Sleeve Hammer High Size XS'),
(2343, 1171, 2, 'Långärmad Hammer High Strl XS'),
(2344, 1172, 1, 'Hammer High ...Until I Die in the back, pictures coming soon.\r\n\r\nMaterial: 100% Cotton.\r\n\r\n'),
(2345, 1172, 2, 'Hammer High ...Until I Die på ryggen, bilder kommer snart.\r\n\r\nMaterial: 100% Bomull.\r\n\r\n'),
(2346, 1173, 1, 'Long Sleeve Hammer High Size S'),
(2347, 1173, 2, 'Långärmad Hammer High Strl S'),
(2348, 1174, 1, 'Hammer High ...Until I Die in the back, pictures coming soon.\r\n\r\nMaterial: 100% Cotton.\r\n\r\n'),
(2349, 1174, 2, 'Hammer High ...Until I Die på ryggen, bilder kommer snart.\r\n\r\nMaterial: 100% Bomull.\r\n\r\n'),
(2350, 1175, 1, 'Long Sleeve Hammer High Size M'),
(2351, 1175, 2, 'Långärmad Hammer High Strl M'),
(2352, 1176, 1, 'Hammer High ...Until I Die in the back, pictures coming soon.\r\n\r\nMaterial: 100% Cotton.\r\n\r\n'),
(2353, 1176, 2, 'Hammer High ...Until I Die på ryggen, bilder kommer snart.\r\n\r\nMaterial: 100% Bomull.\r\n\r\n'),
(2354, 1177, 1, 'Long Sleeve Hammer High Size L'),
(2355, 1177, 2, 'Långärmad Hammer High Strl L'),
(2356, 1178, 1, 'Hammer High ...Until I Die in the back, pictures coming soon.\r\n\r\nMaterial: 100% Cotton.\r\n\r\n'),
(2357, 1178, 2, 'Hammer High ...Until I Die på ryggen, bilder kommer snart.\r\n\r\nMaterial: 100% Bomull.\r\n\r\n'),
(2358, 1179, 1, 'Long Sleeve Hammer High Size XL'),
(2359, 1179, 2, 'Långärmad Hammer High Strl XL'),
(2360, 1180, 1, 'Hammer High ...Until I Die in the back, pictures coming soon.\r\n\r\nMaterial: 100% Cotton.\r\n'),
(2361, 1180, 2, 'Hammer High ...Until I Die på ryggen, bilder kommer snart.\r\n\r\nMaterial: 100% Bomull.\r\n\r\n'),
(2362, 1181, 1, 'Long Sleeve Hammer High Size XXL'),
(2363, 1181, 2, 'Långärmad Hammer High Strl XXL'),
(2364, 1182, 1, 'Hammer High ...Until I Die in the back, pictures coming soon.\r\n\r\nMaterial: 100% Cotton.\r\n\r\n'),
(2365, 1182, 2, 'Hammer High ...Until I Die på ryggen, bilder kommer snart.\r\n\r\nMaterial: 100% Bomull.\r\n\r\n'),
(2366, 1183, 1, 'Long Sleeve Hammer High Size XXXL'),
(2367, 1183, 2, 'Långärmad Hammer High Strl XXXL'),
(2368, 1184, 1, 'Hammer High ...Until I Die in the back, pictures coming soon.\r\n\r\nMaterial: 100% Cotton.\r\n\r\n'),
(2369, 1184, 2, 'Hammer High ...Until I Die på ryggen, bilder kommer snart.\r\n\r\nMaterial: 100% Bomull.\r\n\r\n'),
(2370, 1185, 1, 'Long Sleeve Hammer High Size XXXXL'),
(2371, 1185, 2, 'Långärmad Hammer High Strl XXXXL'),
(2372, 1186, 1, 'Hammer High ...Until I Die in the back, pictures coming soon.\r\n\r\nMaterial: 100% Cotton.\r\n\r\n'),
(2373, 1186, 2, 'Hammer High ...Until I Die på ryggen, bilder kommer snart.\r\n\r\nMaterial: 100% Bomull.\r\n\r\n'),
(2374, 1187, 1, 'String Back Break Down The Walls'),
(2375, 1187, 2, 'String Back Break Down The Walls'),
(2376, 1188, 1, 'String Back Break Down The Walls Size XS'),
(2377, 1188, 2, 'String Back Break Down the Walls Strl XS'),
(2378, 1189, 1, 'Material: 100% Cotton.\r\n\r\n'),
(2379, 1189, 2, 'Material: 100% Bomull.\r\n\r\n'),
(2380, 1190, 1, 'String Back Break Down The Walls Size S'),
(2381, 1190, 2, 'String Back Break Down the Walls Strl S'),
(2382, 1191, 1, 'Material: 100% Cotton.\r\n\r\n'),
(2383, 1191, 2, 'Material: 100% Bomull.\r\n\r\n'),
(2384, 1192, 1, 'String Back Break Down The Walls Size M'),
(2385, 1192, 2, 'String Back Break Down the Walls Strl M'),
(2386, 1193, 1, 'Material: 100% Cotton.\r\n\r\n'),
(2387, 1193, 2, 'Material: 100% Bomull.\r\n\r\n'),
(2388, 1194, 1, 'String Back Break Down The Walls Size L'),
(2389, 1194, 2, 'String Back Break Down the Walls Strl L'),
(2390, 1195, 1, 'Material: 100% Cotton.\r\n\r\n'),
(2391, 1195, 2, 'Material: 100% Bomull.\r\n\r\n'),
(2392, 1196, 1, 'String Back Break Down The Walls Size XL'),
(2393, 1196, 2, 'String Back Break Down the Walls Strl XL'),
(2394, 1197, 1, 'Material: 100% Cotton.\r\n\r\n'),
(2395, 1197, 2, 'Material: 100% Bomull.\r\n\r\n'),
(2396, 1198, 1, 'String Back Break Down The Walls Size XXL'),
(2397, 1198, 2, 'String Back Break Down the Walls Strl XXL'),
(2398, 1199, 1, 'Material: 100% Cotton.\r\n\r\n'),
(2399, 1199, 2, 'Material: 100% Bomull.\r\n\r\n'),
(2400, 1200, 1, 'String Back Hammer High'),
(2401, 1200, 2, 'String Back Hammer High'),
(2402, 1201, 1, 'String Back Hammer High Size XS'),
(2403, 1201, 2, 'String Back Hammer High Strl XS'),
(2404, 1202, 1, 'Material: 100% Cotton.\r\n\r\n'),
(2405, 1202, 2, 'Material: 100% Bomull.\r\n\r\n'),
(2406, 1203, 1, 'String Back Hammer High Size S'),
(2407, 1203, 2, 'String Back Hammer High Strl S'),
(2408, 1204, 1, 'Material: 100% Cotton.\r\n\r\n'),
(2409, 1204, 2, 'Material: 100% Bomull.\r\n\r\n'),
(2410, 1205, 1, 'String Back Hammer High Size M'),
(2411, 1205, 2, 'String Back Hammer High Strl M'),
(2412, 1206, 1, 'Material: 100% Cotton.\r\n\r\n'),
(2413, 1206, 2, 'Material: 100% Bomull.\r\n\r\n'),
(2414, 1207, 1, 'String Back Hammer High Size L'),
(2415, 1207, 2, 'String Back Hammer High Strl L'),
(2416, 1208, 1, 'Material: 100% Cotton.\r\n\r\n'),
(2417, 1208, 2, 'Material: 100% Bomull.\r\n\r\n'),
(2418, 1209, 1, 'String Back Hammer High Size XL'),
(2419, 1209, 2, 'String Back Hammer High Strl XL'),
(2420, 1210, 1, 'Material: 100% Cotton.\r\n\r\n'),
(2421, 1210, 2, 'Material: 100% Bomull.\r\n\r\n'),
(2422, 1211, 1, 'String Back Hammer High Size XXL'),
(2423, 1211, 2, 'String Back Hammer High Strl XXL'),
(2424, 1212, 1, 'Material: 100% Cotton.\r\n\r\n'),
(2425, 1212, 2, 'Material: 100% Bomull.\r\n\r\n'),
(2426, 1213, 1, 'Ladies T-Shirt Break Down The Walls'),
(2427, 1213, 2, 'Dam T-Shirt Break Down The Walls'),
(2428, 1214, 1, 'Ladies T-Shirt Break Down The Walls Size XS'),
(2429, 1214, 2, 'Dam T-Shirt Break Down The Walls Strl XS'),
(2430, 1215, 1, 'Material: 100% Cotton.\r\n\r\n'),
(2431, 1215, 2, 'Material: 100% Bomull.\r\n\r\n'),
(2432, 1216, 1, 'Ladies T-Shirt Break Down The Walls Size S'),
(2433, 1216, 2, 'Dam T-Shirt Break Down The Walls Strl S'),
(2434, 1217, 1, 'Material: 100% Cotton.\r\n\r\n'),
(2435, 1217, 2, 'Material: 100% Bomull.\r\n\r\n'),
(2436, 1218, 1, 'Ladies T-Shirt Break Down The Walls Size M'),
(2437, 1218, 2, 'Dam T-Shirt Break Down The Walls Strl M'),
(2438, 1219, 1, 'Material: 100% Cotton.\r\n\r\n'),
(2439, 1219, 2, 'Material: 100% Bomull.\r\n\r\n'),
(2440, 1220, 1, 'Ladies T-Shirt Break Down The Walls Size L'),
(2441, 1220, 2, 'Dam T-Shirt Break Down The Walls Strl L'),
(2442, 1221, 1, 'Material: 100% Cotton.\r\n\r\n'),
(2443, 1221, 2, 'Material: 100% Bomull.\r\n\r\n'),
(2444, 1222, 1, 'Ladies T-Shirt Break Down The Walls Size XL'),
(2445, 1222, 2, 'Dam T-Shirt Break Down The Walls Strl XL'),
(2446, 1223, 1, 'Material: 100% Cotton.\r\n\r\n'),
(2447, 1223, 2, 'Material: 100% Bomull.\r\n\r\n'),
(2448, 1224, 1, 'Ladies T-Shirt Break Down The Walls Size XXL'),
(2449, 1224, 2, 'Dam T-Shirt Break Down The Walls Strl XXL'),
(2450, 1225, 1, 'Material: 100% Cotton.\r\n\r\n'),
(2451, 1225, 2, 'Material: 100% Bomull.\r\n\r\n'),
(2452, 1226, 1, 'Ladies T-Shirt Hammer High'),
(2453, 1226, 2, 'Dam T-Shirt Hammer High'),
(2454, 1227, 1, 'Ladies T-Shirt Hammer High Size XS'),
(2455, 1227, 2, 'Dam T-Shirt Hammer High Strl XS'),
(2456, 1228, 1, 'Material: 100% Cotton.\r\n\r\n'),
(2457, 1228, 2, 'Material: 100% Bomull.\r\n\r\n'),
(2458, 1229, 1, 'Ladies T-Shirt Hammer High Size S'),
(2459, 1229, 2, 'Dam T-Shirt Hammer High Strl S'),
(2460, 1230, 1, 'Material: 100% Cotton.\r\n\r\n'),
(2461, 1230, 2, 'Material: 100% Bomull.\r\n\r\n'),
(2462, 1231, 1, 'Ladies T-Shirt Hammer High Size M'),
(2463, 1231, 2, 'Dam T-Shirt Hammer High Strl M'),
(2464, 1232, 1, 'Material: 100% Cotton.\r\n\r\n'),
(2465, 1232, 2, 'Material: 100% Bomull.\r\n\r\n'),
(2466, 1233, 1, 'Ladies T-Shirt Hammer High Size L'),
(2467, 1233, 2, 'Dam T-Shirt Hammer High Strl L'),
(2468, 1234, 1, 'Material: 100% Cotton.\r\n\r\n'),
(2469, 1234, 2, 'Material: 100% Bomull.\r\n\r\n'),
(2470, 1235, 1, 'Ladies T-Shirt Hammer High Size XL'),
(2471, 1235, 2, 'Dam T-Shirt Hammer High Strl XL'),
(2472, 1236, 1, 'Material: 100% Cotton.\r\n\r\n'),
(2473, 1236, 2, 'Material: 100% Bomull.\r\n\r\n'),
(2474, 1237, 1, 'Ladies T-Shirt Hammer High Size XXL'),
(2475, 1237, 2, 'Dam T-Shirt Hammer High Strl XXL'),
(2476, 1238, 1, 'Material: 100% Cotton.\r\n\r\n'),
(2477, 1238, 2, 'Material: 100% Bomull.\r\n\r\n'),
(2478, 1239, 1, 'Hood Break Down The Walls Size XS'),
(2479, 1239, 2, 'Hood Break Down The Walls Strl XS'),
(2480, 1240, 1, 'Material: 70% Cotton, 30% Polyester.\r\n\r\n'),
(2481, 1240, 2, 'Material: 70% Bomull, 30% Polyester.\r\n\r\n'),
(2482, 1241, 1, 'Hood Break Down The Walls Size S'),
(2483, 1241, 2, 'Hood Break Down The Walls Strl S'),
(2484, 1242, 1, 'Material: 70% Cotton, 30% Polyester.\r\n\r\n'),
(2485, 1242, 2, 'Material: 70% Bomull, 30% Polyester.\r\n\r\n'),
(2486, 1243, 1, 'Hood Break Down The Walls Size M'),
(2487, 1243, 2, 'Hood Break Down The Walls Strl M'),
(2488, 1244, 1, 'Material: 70% Cotton, 30% Polyester.\r\n\r\n'),
(2489, 1244, 2, 'Material: 70% Bomull, 30% Polyester.\r\n\r\n'),
(2490, 1245, 1, 'Hood Break Down The Walls Size L'),
(2491, 1245, 2, 'Hood Break Down The Walls Strl L'),
(2492, 1246, 1, 'Material: 70% Cotton, 30% Polyester.\r\n\r\n'),
(2493, 1246, 2, 'Material: 70% Bomull, 30% Polyester.\r\n\r\n'),
(2494, 1247, 1, 'Hood Break Down The Walls Size XL'),
(2495, 1247, 2, 'Hood Break Down The Walls Strl XL'),
(2496, 1248, 1, 'Material: 70% Cotton, 30% Polyester.\r\n\r\n'),
(2497, 1248, 2, 'Material: 70% Bomull, 30% Polyester.\r\n\r\n'),
(2498, 1249, 1, 'Hood Break Down The Walls Size XXL'),
(2499, 1249, 2, 'Hood Break Down The Walls Strl XXL'),
(2500, 1250, 1, 'Material: 70% Cotton, 30% Polyester.\r\n\r\n'),
(2501, 1250, 2, 'Material: 70% Bomull, 30% Polyester.\r\n\r\n'),
(2502, 1251, 1, 'Hood Break Down The Walls Size XXXL'),
(2503, 1251, 2, 'Hood Break Down The Walls Strl XXXL'),
(2504, 1252, 1, 'Material: 70% Cotton, 30% Polyester.\r\n\r\n'),
(2505, 1252, 2, 'Material: 70% Bomull, 30% Polyester.\r\n\r\n'),
(2506, 1253, 1, 'Hood Break Down The Walls Size XXXXL'),
(2507, 1253, 2, 'Hood Break Down The Walls Strl XXXXL'),
(2508, 1254, 1, 'Material: 70% Cotton, 30% Polyester.\r\n\r\n'),
(2509, 1254, 2, 'Material: 70% Bomull, 30% Polyester.\r\n\r\n'),
(2510, 1255, 1, 'Hood Hammer High Size XS'),
(2511, 1255, 2, 'Hood Hammer High Strl XS'),
(2512, 1256, 1, 'Material: 70% Cotton, 30% Polyester.\r\n\r\n'),
(2513, 1256, 2, 'Material: 70% Bomull, 30% Polyester.\r\n\r\n'),
(2514, 1257, 1, 'Hood Hammer High Size S'),
(2515, 1257, 2, 'Hood Hammer High Strl S'),
(2516, 1258, 1, 'Material: 70% Cotton, 30% Polyester.\r\n\r\n'),
(2517, 1258, 2, 'Material: 70% Bomull, 30% Polyester.\r\n\r\n'),
(2518, 1259, 1, 'Hood Hammer High Size M'),
(2519, 1259, 2, 'Hood Hammer High Strl M'),
(2520, 1260, 1, 'Material: 70% Cotton, 30% Polyester.\r\n\r\n'),
(2521, 1260, 2, 'Material: 70% Bomull, 30% Polyester.\r\n\r\n'),
(2522, 1261, 1, 'Hood Hammer High Size L'),
(2523, 1261, 2, 'Hood Hammer High Strl L'),
(2524, 1262, 1, 'Material: 70% Cotton, 30% Polyester.\r\n\r\n'),
(2525, 1262, 2, 'Material: 70% Bomull, 30% Polyester.\r\n\r\n'),
(2526, 1263, 1, 'Hood Hammer High Size XL'),
(2527, 1263, 2, 'Hood Hammer High Strl XL'),
(2528, 1264, 1, 'Material: 70% Cotton, 30% Polyester.\r\n\r\n'),
(2529, 1264, 2, 'Material: 70% Bomull, 30% Polyester.\r\n\r\n'),
(2530, 1265, 1, 'Hood Hammer High Size XXL'),
(2531, 1265, 2, 'Hood Hammer High Strl XXL'),
(2532, 1266, 1, 'Material: 70% Cotton, 30% Polyester.\r\n\r\n'),
(2533, 1266, 2, 'Material: 70% Bomull, 30% Polyester.\r\n\r\n'),
(2534, 1267, 1, 'Hood Hammer High Size XXXL'),
(2535, 1267, 2, 'Hood Hammer High Strl XXXL'),
(2536, 1268, 1, 'Material: 70% Cotton, 30% Polyester.\r\n\r\n'),
(2537, 1268, 2, 'Material: 70% Bomull, 30% Polyester.\r\n\r\n'),
(2538, 1269, 1, 'Hood Hammer High Size XXXXL'),
(2539, 1269, 2, 'Hood Hammer High Strl XXXXL'),
(2540, 1270, 1, 'Material: 70% Cotton, 30% Polyester.\r\n\r\n'),
(2541, 1270, 2, 'Material: 70% Bomull, 30% Polyester.\r\n\r\n'),
(2542, 1271, 1, 'Ladies Hood Hammer High'),
(2543, 1271, 2, 'Dam Hood Hammer High'),
(2544, 1272, 1, 'Beanie HammerFall'),
(2545, 1272, 2, 'Mössa HammerFall'),
(2546, 1273, 1, 'Beanie HF'),
(2547, 1273, 2, 'Mössa HF'),
(2548, 1274, 1, 'Beanie Folder HammerFall'),
(2549, 1274, 2, 'Mössa Vikt HammerFall'),
(2550, 1275, 1, 'Cotton Beanie HammerFall 1993'),
(2551, 1275, 2, 'Bomulsmössa HammerFall 1993'),
(2552, 1276, 1, 'Cotton Beanie Templars of Steel'),
(2553, 1276, 2, 'Bomullsmössa Templars of Steel'),
(2554, 1277, 1, 'Cotton Beanie Rebel 4 Life'),
(2555, 1277, 2, 'Bomullsmössa Rebel 4 Life'),
(2556, 1279, 1, 'Kids Zip Hood'),
(2557, 1279, 2, 'Barn Huvjacka'),
(2558, 1280, 1, 'Kids Zip Hood Size 5-6 Years'),
(2559, 1280, 2, 'Barn Huvjacka 5-6 År'),
(2560, 1281, 1, '116 cl.\r\nBlack zip hood with prints.\r\nMaterial: 80% Cotton, 20% Polyester.\r\n\r\n'),
(2561, 1281, 2, '116 cl.\r\nSvart huvjacka med tryck.\r\n\r\nMaterial: 80% Bomull, 20% Polyester.\r\n\r\n'),
(2562, 1282, 1, 'Kids Zip Hood Size 5-6 Years'),
(2563, 1282, 2, 'Barn Huvjacka 5-6 År'),
(2564, 1283, 1, '116 cl.\r\nBlack zip hood with prints.\r\nMaterial: 80% Cotton, 20% Polyester.\r\n\r\n'),
(2565, 1283, 2, '116 cl.\r\nSvart huvjacka med tryck.\r\nMaterial: 80% Bomull, 20% Polyester.\r\n\r\n'),
(2566, 1284, 1, 'Kids Zip Hood Size 7-8 Years'),
(2567, 1284, 2, 'Barn Huvjacka 7-8 År'),
(2568, 1285, 1, '128 cl.\r\nBlack zip hood with prints.\r\nMaterial: 80% Cotton, 20% Polyester.\r\n\r\n'),
(2569, 1285, 2, '128 cl.\r\nSvart huvjacka med tryck.\r\nMaterial: 80% Bomull, 20% Polyester.\r\n\r\n'),
(2570, 1286, 1, 'Kids Zip Hood Size 9-11 Years'),
(2571, 1286, 2, 'Barn Huvjacka 9-11 År'),
(2572, 1287, 1, '140 cl.\r\nBlack zip hood with prints.\r\nMaterial: 80% Cotton, 20% Polyester.\r\n\r\n'),
(2573, 1287, 2, '140 cl.\r\nSvart huvjacka med tryck.\r\nMaterial: 80% Bomull, 20% Polyester.\r\n\r\n'),
(2574, 1288, 1, 'Kids Zip Hood Size 12-14 Years'),
(2575, 1288, 2, 'Barn Huvjacka 12-14 År'),
(2576, 1289, 1, '152 cl.\r\nBlack zip hood with prints.\r\nMaterial: 80% Cotton, 20% Polyester.\r\n\r\n'),
(2577, 1289, 2, '152 cl.\r\nSvart huvjacka med tryck.\r\nMaterial: 80% Bomull, 20% Polyester.\r\n\r\n'),
(2578, 1290, 1, 'Kids Sweatshirt'),
(2579, 1290, 2, 'Kids Sweatshirt'),
(2580, 1291, 1, 'Kids Sweatshirt 3-4 Years'),
(2581, 1291, 2, 'Barn Sweatshirt 3-4 År'),
(2582, 1292, 1, '104 cl.\r\nBlack sweatshirt with prints.\r\nMaterial: 80% Cotton, 20% Polyester.\r\n\r\n'),
(2583, 1292, 2, '104 cl.\r\nSvart sweatshirt med tryck.\r\nMaterial: 80% Bomull, 20% Polyester.\r\n\r\n'),
(2584, 1293, 1, 'Kids Sweatshirt 5-6 Years'),
(2585, 1293, 2, 'Barn Sweatshirt 5-6 År'),
(2586, 1294, 1, '116 cl.\r\nBlack sweatshirt with prints.\r\nMaterial: 80% Cotton, 20% Polyester.\r\n\r\n'),
(2587, 1294, 2, '116 cl.\r\nSvart sweatshirt med tryck.\r\nMaterial: 80% Bomull, 20% Polyester.\r\n\r\n'),
(2588, 1295, 1, 'Kids Sweatshirt 7-8 Years'),
(2589, 1295, 2, 'Barn Sweatshirt 7-8 År'),
(2590, 1296, 1, '128 cl.\r\nBlack sweatshirt with prints.\r\nMaterial: 80% Cotton, 20% Polyester.\r\n\r\n'),
(2591, 1296, 2, '128 cl.\r\nSvart sweatshirt med tryck.\r\nMaterial: 80% Bomull, 20% Polyester.\r\n\r\n'),
(2592, 1297, 1, 'Kids Sweatshirt 9-11 Years'),
(2593, 1297, 2, 'Barn Sweatshirt 9-11 År'),
(2594, 1298, 1, '140 cl.\r\nBlack sweatshirt with prints.\r\nMaterial: 80% Cotton, 20% Polyester.\r\n\r\n'),
(2595, 1298, 2, '140 cl.\r\nSvart sweatshirt med tryck.\r\nMaterial: 80% Bomull, 20% Polyester.\r\n\r\n'),
(2596, 1299, 1, 'Kids Sweatshirt 12-14 Years'),
(2597, 1299, 2, 'Barn Sweatshirt 12-14 År'),
(2598, 1300, 1, '152 cl.\r\nBlack sweatshirt with prints.\r\nMaterial: 80% Cotton, 20% Polyester.\r\n\r\n'),
(2599, 1300, 2, '152 cl.\r\nSvart sweatshirt med tryck.\r\nMaterial: 80% Bomull, 20% Polyester.\r\n'),
(2600, 1301, 1, 'Baby Zip Hood'),
(2601, 1301, 2, 'Bebis Huvjacka'),
(2602, 1302, 1, 'Baby Zip Hood Size 6-12 Months'),
(2603, 1302, 2, 'Bebis Huvjacka 6-12 Månader'),
(2604, 1303, 1, 'Black zip hood with print.\r\nMaterial: 80% Cotton, 20% Polyester.\r\n\r\n'),
(2605, 1303, 2, 'Svart huvjacka med tryck.\r\nMaterial: 80% Bomull, 20% Polyester.\r\n\r\n'),
(2606, 1304, 1, 'Baby Zip Hood Size 12-18 Months'),
(2607, 1304, 2, 'Bebis Huvjacka 12-18 Månader'),
(2608, 1305, 1, 'Black zip hood with print.\r\nMaterial: 80% Cotton, 20% Polyester.\r\n\r\n'),
(2609, 1305, 2, 'Svart huvjacka med tryck.\r\nMaterial: 80% Bomull, 20% Polyester.\r\n\r\n'),
(2610, 1306, 1, 'Baby Zip Hood Size 18-24 Months'),
(2611, 1306, 2, 'Bebis Huvjacka 18-24 Månader'),
(2612, 1307, 1, 'Black zip hood with print.\r\nMaterial: 80% Cotton, 20% Polyester.\r\n\r\n'),
(2613, 1307, 2, 'Svart huvjacka med tryck.\r\nMaterial: 80% Bomull, 20% Polyester.\r\n\r\n'),
(2614, 1308, 1, 'Baby Zip Hood Size 2-3 Years'),
(2615, 1308, 2, 'Bebis Huvjacka 2-3 År'),
(2616, 1309, 1, 'Black zip hood with print.\r\nMaterial: 80% Cotton, 20% Polyester.\r\n\r\n'),
(2617, 1309, 2, 'Svart huvjacka med tryck.\r\nMaterial: 80% Bomull, 20% Polyester.\r\n'),
(2618, 1310, 1, 'Bodysuit HammerFall'),
(2619, 1310, 2, 'Body HammerFall'),
(2620, 1311, 1, 'Bodysuit HammerFall Size 0-3 Months'),
(2621, 1311, 2, 'Body HammerFall Strl 0-3 Månader'),
(2622, 1312, 1, 'Black bodysuit with print.\r\nMaterial: 100% Organic Cotton.\r\n\r\n'),
(2623, 1312, 2, 'Svart body med tryck.\r\nMaterial: 100% Ekologisk Bomull.\r\n\r\n'),
(2624, 1313, 1, 'Bodysuit HammerFall Size 3-6 Months'),
(2625, 1313, 2, 'Body HammerFall Strl 3-6 Månader'),
(2626, 1314, 1, 'Black bodysuit with print.\r\nMaterial: 100% Organic Cotton.\r\n\r\n'),
(2627, 1314, 2, 'Svart body med tryck.\r\nMaterial: 100% Ekologisk Bomull.\r\n\r\n'),
(2628, 1315, 1, 'Bodysuit HammerFall Size 6-12 Months'),
(2629, 1315, 2, 'Body HammerFall Strl 6-12 Månader'),
(2630, 1316, 1, 'Black bodysuit with print.\r\nMaterial: 100% Organic Cotton.\r\n\r\n'),
(2631, 1316, 2, 'Svart body med tryck.\r\nMaterial: 100% Ekologisk Bomull.\r\n\r\n'),
(2632, 1317, 1, 'Bodysuit HammerFall Size 18-24 Months'),
(2633, 1317, 2, 'Body HammerFall Strl 12-24 Månader'),
(2634, 1318, 1, 'Black bodysuit with print.\r\nMaterial: 100% Organic Cotton.\r\n\r\n'),
(2635, 1318, 2, 'Svart body med tryck.\r\nMaterial: 100% Ekologisk Bomull.\r\n\r\n'),
(2636, 1319, 1, 'Kids T-Shirt HF'),
(2637, 1319, 2, 'Barn T-Shirt HF'),
(2638, 1320, 1, 'Kids T-Shirt HF Size 3-4 Years'),
(2639, 1320, 2, 'Barn T-Shirt HF Strl 3-4 År'),
(2640, 1321, 1, 'Black t-shirt with print.\r\nMaterial: 100% Pre-Shrunk Cotton.\r\n\r\n'),
(2641, 1321, 2, 'Svart t-shirt med tryck.\nMaterial: 100% Pre-Shrunk Bomull.\n\n'),
(2642, 1322, 1, 'Kids T-Shirt HF Size 5-6 Years'),
(2643, 1322, 2, 'Barn T-Shirt HF Strl 5-6 År'),
(2644, 1323, 1, 'Black t-shirt with print.\r\nMaterial: 100% Pre-Shrunk Cotton.\r\n\r\n'),
(2645, 1323, 2, 'Svart t-shirt med tryck.\nMaterial: 100% Pre-Shrunk Bomull.\n\n'),
(2646, 1324, 1, 'Kids T-Shirt HF Size 7-8 Years'),
(2647, 1324, 2, 'Barn T-Shirt HF Strl 7-8 År'),
(2648, 1325, 1, 'Black t-shirt with print.\r\nMaterial: 100% Pre-Shrunk Cotton.\r\n\r\n'),
(2649, 1325, 2, 'Svart t-shirt med tryck.\nMaterial: 100% Pre-Shrunk Bomull.\n\n'),
(2650, 1326, 1, 'Kids t-shirt HF Size 9-11 Years'),
(2651, 1326, 2, 'Barn T-Shirt HF Strl 9-11 År'),
(2652, 1327, 1, 'Black t-shirt with print.\r\nMaterial: 100% Pre-Shrunk Cotton.\r\n\r\n'),
(2653, 1327, 2, 'Svart t-shirt med tryck.\nMaterial: 100% Pre-Shrunk Bomull.\n\n'),
(2654, 1328, 1, 'Kids T-Shirt HF Size 12-14 Years'),
(2655, 1328, 2, 'Barn T-Shirt HF Strl 12-14 År'),
(2656, 1329, 1, 'Black t-shirt with print.\r\nMaterial: 100% Pre-Shrunk Cotton.\r\n\r\n'),
(2657, 1329, 2, 'Svart t-shirt med tryck.\nMaterial: 100% Pre-Shrunk Bomull.\n\n'),
(2658, 1330, 1, 'Kids T-Shirt HammerFall'),
(2659, 1330, 2, 'Barn T-Shirt HammerFall'),
(2660, 1331, 1, 'Kids T-Shirt HammerFall Size 3-4 Years'),
(2661, 1331, 2, 'Barn T-shirt HammerFall Strl 3-4 År'),
(2662, 1332, 1, 'Black t-shirt with print.\nMaterial: 100% Pre-Shrunk Cotton.\n\n'),
(2663, 1332, 2, 'Svart t-shirt med tryck.\nMaterial: 100% Pre-Shrunk Bomull.\n\n'),
(2664, 1333, 1, 'Kids T-Shirt HammerFall Size 5-6 Years'),
(2665, 1333, 2, 'Barn T-Shirt HammerFall Strl 5-6 År'),
(2666, 1334, 1, 'Black t-shirt with print.\r\nMaterial: 100% Pre-Shrunk Cotton.\r\n\r\n'),
(2667, 1334, 2, 'Svart t-shirt med tryck.\r\nMaterial: 100% Pre-Shrunk Bomull.\r\n\r\n'),
(2668, 1335, 1, 'Kids T-Shirt HammerFall Size 7-8 Years'),
(2669, 1335, 2, 'Barn T-Shirt HammerFall Strl 7-8 År'),
(2670, 1336, 1, 'Black t-shirt with print.\r\nMaterial: 100% Pre-Shrunk Cotton.\r\n\r\n'),
(2671, 1336, 2, 'Svart t-shirt med tryck.\r\nMaterial: 100% Pre-Shrunk Bomull.'),
(2672, 1337, 1, 'Kids T-Shirt HammerFall Size 9-11 Years'),
(2673, 1337, 2, 'Barn T-Shirt HammerFall Strl 9-11 År'),
(2674, 1338, 1, 'Black t-shirt with print.\r\nMaterial: 100% Pre-Shrunk Cotton.\r\n\r\n'),
(2675, 1338, 2, 'Svart t-shirt med tryck.\r\nMaterial: 100% Pre-Shrunk Bomull.\r\n\r\n'),
(2676, 1339, 1, 'Kids T-Shirt HammerFall Size 12-14 Years'),
(2677, 1339, 2, 'Barn T-Shirt HammerFall Strl 12-14 År'),
(2678, 1340, 1, 'Black t-shirt with print.\r\nMaterial: 100% Pre-Shrunk Cotton.\r\n\r\n'),
(2679, 1340, 2, 'Svart t-shirt med tryck.\r\nMaterial: 100% Pre-Shrunk Bomull.\r\n\r\n'),
(2680, 1341, 1, 'Baby T-Shirt HammerFall'),
(2681, 1341, 2, 'Bebis T-Shirt HammerFall'),
(2682, 1342, 1, 'Baby T-Shirt HammerFall Size 3-6 Months'),
(2683, 1342, 2, 'Bebis T-Shirt HammerFall Strl 3-6 Månader'),
(2684, 1343, 1, 'Black t-shirt with print.\r\nMaterial: 100% Cotton.\r\n\r\n'),
(2685, 1343, 2, 'Svart t-shirt med tryck.\r\nMaterial: 100% Bomull.'),
(2686, 1344, 1, 'Baby T-Shirt HammerFall Size 6-12 Months'),
(2687, 1344, 2, 'Bebis T-Shirt HammerFall Strl 6-12 Månader'),
(2688, 1345, 1, 'Black t-shirt with print.\r\nMaterial: 100% Cotton.\r\n\r\n'),
(2689, 1345, 2, 'Svart t-shirt med tryck.\r\nMaterial: 100% Bomull.\r\n\r\n'),
(2690, 1346, 1, 'Baby T-Shirt HammerFall Size 12-18 Months'),
(2691, 1346, 2, 'Bebis T-Shirt HammerFall Strl 12-18 Månader'),
(2692, 1347, 1, 'Black t-shirt with print.\r\nMaterial: 100% Cotton.\r\n\r\n'),
(2693, 1347, 2, 'Svart t-shirt med tryck.\r\nMaterial: 100% Bomull.\r\n\r\n'),
(2694, 1348, 1, 'Baby T-Shirt HammerFall Size 18-24 Months'),
(2695, 1348, 2, 'Bebis T-Shirt HammerFall Strl 18-24 Månader'),
(2696, 1349, 1, 'Black t-shirt with print.\nMaterial: 100% Cotton.\n\n'),
(2697, 1349, 2, 'Svart t-shirt med tryck.\nMaterial: 100% Bomull.\n\n'),
(2698, 1350, 1, 'Cap HF'),
(2699, 1350, 2, 'Keps HF'),
(2700, 1351, 1, 'Cap HammerFall'),
(2701, 1351, 2, 'Keps HammerFall'),
(2702, 1352, 1, 'Cap Trucker HF'),
(2703, 1352, 2, 'Keps Trucker HF'),
(2704, 1353, 1, 'Cap HF'),
(2705, 1353, 2, 'Keps HF'),
(2706, 1354, 1, 'Black cap with embroidery in the front and back.\r\nMaterial: 100% Acrylic.\r\n\r\n'),
(2707, 1354, 2, 'Svart keps med brodyr fram och bak. \r\nMaterial: 100% Akryl.'),
(2708, 1355, 1, 'Cap HammerFall 3D'),
(2709, 1355, 2, 'Keps HammerFall 3D'),
(2710, 1356, 1, 'Black cap with 3D embroidery in the front and regular in the back.\r\nMaterial: 100% Cottontwill.\r\n\r\n'),
(2711, 1356, 2, 'Svart keps med 3D-brodyr fram och vanlig brodyr bak.\r\nMaterial: 100% Bomullstwill.\r\n\r\n'),
(2712, 1357, 1, 'Cap Trucker HF'),
(2713, 1357, 2, 'Keps Trucker HF'),
(2714, 1358, 1, 'Black cap trucker style. Snapback.\r\nMaterial: 100% Acrylic front, 100% Polyester back.\r\n\r\n'),
(2715, 1358, 2, 'Svart keps i truckerstil. Snapback.\r\nMaterial: 100% Akryl fram, 100% Polyester bak.\r\n\r\n'),
(2716, 1359, 1, 'Scarf HammerFall'),
(2717, 1359, 2, 'Halsduk HammerFall'),
(2718, 1360, 1, 'Key Band'),
(2719, 1360, 2, 'Nyckelband'),
(2720, 1361, 1, 'Scarf Hammer High'),
(2721, 1361, 2, 'Halsduk Hammer High'),
(2722, 1362, 1, 'Key Band'),
(2723, 1362, 2, 'Nyckelband'),
(2724, 1363, 1, '2 cm width.\r\nMaterial: 100% Polyester.\r\n\r\n'),
(2725, 1363, 2, '2 cm brett.\r\nMaterial: 100% Polyester.\r\n\r\n'),
(2726, 1364, 1, 'Scarf HammerFall'),
(2727, 1364, 2, 'Halsduk HammerFall'),
(2728, 1365, 1, 'Sublimated scarf. Print on both sides.\r\nMaterial: 100% Polyester.\r\n\r\n'),
(2729, 1365, 2, 'Sublimerad halsduk. Tryck på båda sidorna.\r\nMaterial: 100% Polyester.\r\n\r\n'),
(2730, 1366, 1, 'Scarf Hammer High'),
(2731, 1366, 2, 'Halsduk Hammer High'),
(2732, 1367, 1, 'Sublimated scarf. Print on both sides.\r\nMaterial: 100% Polyester.\r\n\r\n'),
(2733, 1367, 2, 'Sublimerad halsduk. Tryck på båda sidor.\r\nMaterial: 100% Polyester.\r\n\r\n'),
(2734, 1368, 1, 'Stickers'),
(2735, 1368, 2, 'Klistermärken'),
(2736, 1369, 1, 'Stickers 5pcs'),
(2737, 1369, 2, 'Klistermärken 5 st'),
(2738, 1370, 1, '5 pcs on a A4 sheet.'),
(2739, 1370, 2, '5 st på ett A4-ark.');

-- --------------------------------------------------------

--
-- Table structure for table `translation_key`
--

DROP TABLE IF EXISTS `translation_key`;
CREATE TABLE IF NOT EXISTS `translation_key` (
  `translation_key_id` int(11) NOT NULL AUTO_INCREMENT,
  `translation_key` text COLLATE utf8_unicode_ci NOT NULL,
  PRIMARY KEY (`translation_key_id`)
) ENGINE=InnoDB AUTO_INCREMENT=1371 DEFAULT CHARSET=utf8 COLLATE=utf8_unicode_ci;

--
-- Dumping data for table `translation_key`
--

INSERT INTO `translation_key` (`translation_key_id`, `translation_key`) VALUES
(1, 'terms_of_usage_updated'),
(2, 'terms_of_usage'),
(3, 'terms_of_usage_accept'),
(4, 'terms_of_usage_decline'),
(5, 'navigation_home'),
(6, 'navigation_news'),
(7, 'translation_english'),
(8, 'translation_swedish'),
(9, 'navigation_band'),
(10, 'navigation_releases'),
(11, 'navigation_merchandise'),
(12, 'navigation_account'),
(13, 'navigation_cart'),
(14, 'navigation_search'),
(15, 'navigation_account_retrieve'),
(16, 'form_label_username'),
(17, 'form_label_password'),
(18, 'form_button_login'),
(19, 'form_label_email'),
(20, 'navigation_account_register'),
(21, 'form_button_register'),
(22, 'webshop_category_men'),
(23, 'webshop_category_women'),
(24, 'webshop_category_kids'),
(25, 'webshop_category_accessories'),
(26, 'webshop_category_caps'),
(27, 'webshop_category_beanies'),
(28, 'admin_overview'),
(29, 'admin_product_add'),
(30, 'form_legend_add_product'),
(31, 'form_label_product_title_english'),
(32, 'form_label_product_description_english'),
(33, 'form_label_product_title_swedish'),
(34, 'form_label_product_description_swedish'),
(35, 'form_button_product_add'),
(36, 'product_title_placeholder_english'),
(37, 'product_description_placeholder_english'),
(38, 'product_title_placeholder_swedish'),
(39, 'product_description_placeholder_swedish'),
(40, 'webshop_product_categories'),
(41, 'webshop_product_latest'),
(42, 'admin_image_add'),
(43, 'form_legend_add_image'),
(44, 'form_button_image_add'),
(45, 'form_label_add_image'),
(46, 'admin_product_group_add'),
(47, 'form_label_product_group_url'),
(48, 'product_group_placeholder'),
(49, 'form_label_product_group_title_english'),
(50, 'product_group_title_placeholder_english'),
(51, 'form_label_product_group_title_swedish'),
(52, 'product_group_title_placeholder_swedish'),
(53, 'form_button_product_group_add'),
(54, 'form_label_product_url'),
(55, 'product_url_placeholder'),
(56, 'form_label_select_image'),
(57, 'form_label_product_group'),
(58, 'form_label_product_category'),
(59, 'form_label_product_price'),
(60, 'product_price_placeholder'),
(61, 'form_label_product_stock'),
(62, 'product_stock_placeholder'),
(63, 'label_stock'),
(64, 'label_price'),
(65, 'login_to_purchase'),
(66, 'button_add_to_cart'),
(67, 'webshop_category_id-7'),
(1000, 'webshop_product_group_title_id-1'),
(1001, 'webshop_product_title_id-1'),
(1002, 'webshop_product_description_id-1'),
(1003, 'webshop_product_title_id-2'),
(1004, 'webshop_product_description_id-2'),
(1005, 'webshop_product_title_id-3'),
(1006, 'webshop_product_description_id-3'),
(1007, 'webshop_product_group_title_id-2'),
(1008, 'webshop_product_title_id-4'),
(1009, 'webshop_product_description_id-4'),
(1010, 'webshop_product_title_id-5'),
(1011, 'webshop_product_description_id-5'),
(1012, 'webshop_product_title_id-6'),
(1013, 'webshop_product_description_id-6'),
(1014, 'webshop_product_title_id-7'),
(1015, 'webshop_product_description_id-7'),
(1016, 'webshop_product_group_title_id-3'),
(1017, 'webshop_product_title_id-8'),
(1018, 'webshop_product_description_id-8'),
(1019, 'webshop_product_title_id-9'),
(1020, 'webshop_product_description_id-9'),
(1021, 'webshop_product_title_id-10'),
(1022, 'webshop_product_description_id-10'),
(1023, 'webshop_product_title_id-11'),
(1024, 'webshop_product_description_id-11'),
(1025, 'webshop_product_title_id-12'),
(1026, 'webshop_product_description_id-12'),
(1027, 'webshop_product_title_id-13'),
(1028, 'webshop_product_description_id-13'),
(1029, 'webshop_product_title_id-14'),
(1030, 'webshop_product_description_id-14'),
(1031, 'webshop_product_title_id-15'),
(1032, 'webshop_product_description_id-15'),
(1033, 'webshop_product_title_id-16'),
(1034, 'webshop_product_description_id-16'),
(1035, 'webshop_product_title_id-17'),
(1036, 'webshop_product_description_id-17'),
(1037, 'webshop_product_title_id-18'),
(1038, 'webshop_product_description_id-18'),
(1039, 'webshop_product_title_id-19'),
(1040, 'webshop_product_description_id-19'),
(1041, 'webshop_product_title_id-20'),
(1042, 'webshop_product_description_id-20'),
(1043, 'webshop_product_title_id-21'),
(1044, 'webshop_product_description_id-21'),
(1045, 'webshop_product_group_title_id-4'),
(1046, 'webshop_product_title_id-22'),
(1047, 'webshop_product_description_id-22'),
(1048, 'webshop_product_title_id-23'),
(1049, 'webshop_product_description_id-23'),
(1050, 'webshop_product_title_id-24'),
(1051, 'webshop_product_description_id-24'),
(1052, 'webshop_product_title_id-25'),
(1053, 'webshop_product_description_id-25'),
(1054, 'webshop_product_title_id-26'),
(1055, 'webshop_product_description_id-26'),
(1056, 'webshop_product_title_id-27'),
(1057, 'webshop_product_description_id-27'),
(1058, 'webshop_product_group_title_id-5'),
(1059, 'webshop_product_title_id-28'),
(1060, 'webshop_product_description_id-28'),
(1061, 'webshop_product_title_id-29'),
(1062, 'webshop_product_description_id-29'),
(1063, 'webshop_product_title_id-30'),
(1064, 'webshop_product_description_id-30'),
(1065, 'webshop_product_group_title_id-6'),
(1066, 'webshop_product_title_id-31'),
(1067, 'webshop_product_description_id-31'),
(1068, 'webshop_product_title_id-32'),
(1069, 'webshop_product_description_id-32'),
(1070, 'webshop_product_title_id-33'),
(1071, 'webshop_product_description_id-33'),
(1072, 'webshop_product_title_id-34'),
(1073, 'webshop_product_description_id-34'),
(1074, 'webshop_product_title_id-35'),
(1075, 'webshop_product_description_id-35'),
(1076, 'webshop_product_group_title_id-7'),
(1077, 'webshop_product_title_id-36'),
(1078, 'webshop_product_description_id-36'),
(1079, 'webshop_product_title_id-37'),
(1080, 'webshop_product_description_id-37'),
(1081, 'webshop_product_title_id-38'),
(1082, 'webshop_product_description_id-38'),
(1083, 'webshop_product_title_id-39'),
(1084, 'webshop_product_description_id-39'),
(1085, 'webshop_product_title_id-40'),
(1086, 'webshop_product_description_id-40'),
(1087, 'webshop_product_title_id-41'),
(1088, 'webshop_product_description_id-41'),
(1089, 'webshop_product_title_id-42'),
(1090, 'webshop_product_description_id-42'),
(1091, 'webshop_product_title_id-43'),
(1092, 'webshop_product_description_id-43'),
(1093, 'webshop_product_group_title_id-8'),
(1094, 'webshop_product_title_id-44'),
(1095, 'webshop_product_description_id-44'),
(1096, 'webshop_product_title_id-45'),
(1097, 'webshop_product_description_id-45'),
(1098, 'webshop_product_title_id-46'),
(1099, 'webshop_product_description_id-46'),
(1100, 'webshop_product_title_id-47'),
(1101, 'webshop_product_description_id-47'),
(1102, 'webshop_product_title_id-48'),
(1103, 'webshop_product_description_id-48'),
(1104, 'webshop_product_title_id-49'),
(1105, 'webshop_product_description_id-49'),
(1106, 'webshop_product_title_id-50'),
(1107, 'webshop_product_description_id-50'),
(1108, 'webshop_product_title_id-51'),
(1109, 'webshop_product_description_id-51'),
(1110, 'webshop_product_group_title_id-9'),
(1111, 'webshop_product_title_id-52'),
(1112, 'webshop_product_description_id-52'),
(1113, 'webshop_product_title_id-53'),
(1114, 'webshop_product_description_id-53'),
(1115, 'webshop_product_title_id-54'),
(1116, 'webshop_product_description_id-54'),
(1117, 'webshop_product_title_id-55'),
(1118, 'webshop_product_description_id-55'),
(1119, 'webshop_product_title_id-56'),
(1120, 'webshop_product_description_id-56'),
(1121, 'webshop_product_title_id-57'),
(1122, 'webshop_product_description_id-57'),
(1123, 'webshop_product_title_id-58'),
(1124, 'webshop_product_description_id-58'),
(1125, 'webshop_product_group_title_id-10'),
(1126, 'webshop_product_title_id-59'),
(1127, 'webshop_product_description_id-59'),
(1128, 'webshop_product_title_id-60'),
(1129, 'webshop_product_description_id-60'),
(1130, 'webshop_product_title_id-61'),
(1131, 'webshop_product_description_id-61'),
(1132, 'webshop_product_title_id-62'),
(1133, 'webshop_product_description_id-62'),
(1134, 'webshop_product_title_id-63'),
(1135, 'webshop_product_description_id-63'),
(1136, 'webshop_product_title_id-64'),
(1137, 'webshop_product_description_id-64'),
(1138, 'webshop_product_title_id-65'),
(1139, 'webshop_product_description_id-65'),
(1140, 'webshop_product_title_id-66'),
(1141, 'webshop_product_description_id-66'),
(1142, 'webshop_product_title_id-67'),
(1143, 'webshop_product_description_id-67'),
(1144, 'webshop_product_title_id-68'),
(1145, 'webshop_product_description_id-68'),
(1146, 'webshop_product_title_id-69'),
(1147, 'webshop_product_description_id-69'),
(1148, 'webshop_product_title_id-70'),
(1149, 'webshop_product_description_id-70'),
(1150, 'webshop_product_title_id-71'),
(1151, 'webshop_product_description_id-71'),
(1152, 'webshop_product_group_title_id-11'),
(1153, 'webshop_product_title_id-72'),
(1154, 'webshop_product_description_id-72'),
(1155, 'webshop_product_title_id-73'),
(1156, 'webshop_product_description_id-73'),
(1157, 'webshop_product_title_id-74'),
(1158, 'webshop_product_description_id-74'),
(1159, 'webshop_product_title_id-75'),
(1160, 'webshop_product_description_id-75'),
(1161, 'webshop_product_title_id-76'),
(1162, 'webshop_product_description_id-76'),
(1163, 'webshop_product_title_id-77'),
(1164, 'webshop_product_description_id-77'),
(1165, 'webshop_product_title_id-78'),
(1166, 'webshop_product_description_id-78'),
(1167, 'webshop_product_title_id-79'),
(1168, 'webshop_product_description_id-79'),
(1169, 'webshop_product_group_title_id-12'),
(1170, 'webshop_product_group_title_id-13'),
(1171, 'webshop_product_title_id-80'),
(1172, 'webshop_product_description_id-80'),
(1173, 'webshop_product_title_id-81'),
(1174, 'webshop_product_description_id-81'),
(1175, 'webshop_product_title_id-82'),
(1176, 'webshop_product_description_id-82'),
(1177, 'webshop_product_title_id-83'),
(1178, 'webshop_product_description_id-83'),
(1179, 'webshop_product_title_id-84'),
(1180, 'webshop_product_description_id-84'),
(1181, 'webshop_product_title_id-85'),
(1182, 'webshop_product_description_id-85'),
(1183, 'webshop_product_title_id-86'),
(1184, 'webshop_product_description_id-86'),
(1185, 'webshop_product_title_id-87'),
(1186, 'webshop_product_description_id-87'),
(1187, 'webshop_product_group_title_id-14'),
(1188, 'webshop_product_title_id-88'),
(1189, 'webshop_product_description_id-88'),
(1190, 'webshop_product_title_id-89'),
(1191, 'webshop_product_description_id-89'),
(1192, 'webshop_product_title_id-90'),
(1193, 'webshop_product_description_id-90'),
(1194, 'webshop_product_title_id-91'),
(1195, 'webshop_product_description_id-91'),
(1196, 'webshop_product_title_id-92'),
(1197, 'webshop_product_description_id-92'),
(1198, 'webshop_product_title_id-93'),
(1199, 'webshop_product_description_id-93'),
(1200, 'webshop_product_group_title_id-15'),
(1201, 'webshop_product_title_id-94'),
(1202, 'webshop_product_description_id-94'),
(1203, 'webshop_product_title_id-95'),
(1204, 'webshop_product_description_id-95'),
(1205, 'webshop_product_title_id-96'),
(1206, 'webshop_product_description_id-96'),
(1207, 'webshop_product_title_id-97'),
(1208, 'webshop_product_description_id-97'),
(1209, 'webshop_product_title_id-98'),
(1210, 'webshop_product_description_id-98'),
(1211, 'webshop_product_title_id-99'),
(1212, 'webshop_product_description_id-99'),
(1213, 'webshop_product_group_title_id-16'),
(1214, 'webshop_product_title_id-100'),
(1215, 'webshop_product_description_id-100'),
(1216, 'webshop_product_title_id-101'),
(1217, 'webshop_product_description_id-101'),
(1218, 'webshop_product_title_id-102'),
(1219, 'webshop_product_description_id-102'),
(1220, 'webshop_product_title_id-103'),
(1221, 'webshop_product_description_id-103'),
(1222, 'webshop_product_title_id-104'),
(1223, 'webshop_product_description_id-104'),
(1224, 'webshop_product_title_id-105'),
(1225, 'webshop_product_description_id-105'),
(1226, 'webshop_product_group_title_id-17'),
(1227, 'webshop_product_title_id-106'),
(1228, 'webshop_product_description_id-106'),
(1229, 'webshop_product_title_id-107'),
(1230, 'webshop_product_description_id-107'),
(1231, 'webshop_product_title_id-108'),
(1232, 'webshop_product_description_id-108'),
(1233, 'webshop_product_title_id-109'),
(1234, 'webshop_product_description_id-109'),
(1235, 'webshop_product_title_id-110'),
(1236, 'webshop_product_description_id-110'),
(1237, 'webshop_product_title_id-111'),
(1238, 'webshop_product_description_id-111'),
(1239, 'webshop_product_title_id-112'),
(1240, 'webshop_product_description_id-112'),
(1241, 'webshop_product_title_id-113'),
(1242, 'webshop_product_description_id-113'),
(1243, 'webshop_product_title_id-114'),
(1244, 'webshop_product_description_id-114'),
(1245, 'webshop_product_title_id-115'),
(1246, 'webshop_product_description_id-115'),
(1247, 'webshop_product_title_id-116'),
(1248, 'webshop_product_description_id-116'),
(1249, 'webshop_product_title_id-117'),
(1250, 'webshop_product_description_id-117'),
(1251, 'webshop_product_title_id-118'),
(1252, 'webshop_product_description_id-118'),
(1253, 'webshop_product_title_id-119'),
(1254, 'webshop_product_description_id-119'),
(1255, 'webshop_product_title_id-120'),
(1256, 'webshop_product_description_id-120'),
(1257, 'webshop_product_title_id-121'),
(1258, 'webshop_product_description_id-121'),
(1259, 'webshop_product_title_id-122'),
(1260, 'webshop_product_description_id-122'),
(1261, 'webshop_product_title_id-123'),
(1262, 'webshop_product_description_id-123'),
(1263, 'webshop_product_title_id-124'),
(1264, 'webshop_product_description_id-124'),
(1265, 'webshop_product_title_id-125'),
(1266, 'webshop_product_description_id-125'),
(1267, 'webshop_product_title_id-126'),
(1268, 'webshop_product_description_id-126'),
(1269, 'webshop_product_title_id-127'),
(1270, 'webshop_product_description_id-127'),
(1271, 'webshop_product_group_title_id-18'),
(1272, 'webshop_product_group_title_id-19'),
(1273, 'webshop_product_group_title_id-20'),
(1274, 'webshop_product_group_title_id-21'),
(1275, 'webshop_product_group_title_id-22'),
(1276, 'webshop_product_group_title_id-23'),
(1277, 'webshop_product_group_title_id-24'),
(1278, 'webshop_category_unisex'),
(1279, 'webshop_product_group_title_id-25'),
(1280, 'webshop_product_title_id-128'),
(1281, 'webshop_product_description_id-128'),
(1282, 'webshop_product_title_id-129'),
(1283, 'webshop_product_description_id-129'),
(1284, 'webshop_product_title_id-130'),
(1285, 'webshop_product_description_id-130'),
(1286, 'webshop_product_title_id-131'),
(1287, 'webshop_product_description_id-131'),
(1288, 'webshop_product_title_id-132'),
(1289, 'webshop_product_description_id-132'),
(1290, 'webshop_product_group_title_id-26'),
(1291, 'webshop_product_title_id-133'),
(1292, 'webshop_product_description_id-133'),
(1293, 'webshop_product_title_id-134'),
(1294, 'webshop_product_description_id-134'),
(1295, 'webshop_product_title_id-135'),
(1296, 'webshop_product_description_id-135'),
(1297, 'webshop_product_title_id-136'),
(1298, 'webshop_product_description_id-136'),
(1299, 'webshop_product_title_id-137'),
(1300, 'webshop_product_description_id-137'),
(1301, 'webshop_product_group_title_id-27'),
(1302, 'webshop_product_title_id-138'),
(1303, 'webshop_product_description_id-138'),
(1304, 'webshop_product_title_id-139'),
(1305, 'webshop_product_description_id-139'),
(1306, 'webshop_product_title_id-140'),
(1307, 'webshop_product_description_id-140'),
(1308, 'webshop_product_title_id-141'),
(1309, 'webshop_product_description_id-141'),
(1310, 'webshop_product_group_title_id-28'),
(1311, 'webshop_product_title_id-142'),
(1312, 'webshop_product_description_id-142'),
(1313, 'webshop_product_title_id-143'),
(1314, 'webshop_product_description_id-143'),
(1315, 'webshop_product_title_id-144'),
(1316, 'webshop_product_description_id-144'),
(1317, 'webshop_product_title_id-145'),
(1318, 'webshop_product_description_id-145'),
(1319, 'webshop_product_group_title_id-29'),
(1320, 'webshop_product_title_id-146'),
(1321, 'webshop_product_description_id-146'),
(1322, 'webshop_product_title_id-147'),
(1323, 'webshop_product_description_id-147'),
(1324, 'webshop_product_title_id-148'),
(1325, 'webshop_product_description_id-148'),
(1326, 'webshop_product_title_id-149'),
(1327, 'webshop_product_description_id-149'),
(1328, 'webshop_product_title_id-150'),
(1329, 'webshop_product_description_id-150'),
(1330, 'webshop_product_group_title_id-30'),
(1331, 'webshop_product_title_id-151'),
(1332, 'webshop_product_description_id-151'),
(1333, 'webshop_product_title_id-152'),
(1334, 'webshop_product_description_id-152'),
(1335, 'webshop_product_title_id-153'),
(1336, 'webshop_product_description_id-153'),
(1337, 'webshop_product_title_id-154'),
(1338, 'webshop_product_description_id-154'),
(1339, 'webshop_product_title_id-155'),
(1340, 'webshop_product_description_id-155'),
(1341, 'webshop_product_group_title_id-31'),
(1342, 'webshop_product_title_id-156'),
(1343, 'webshop_product_description_id-156'),
(1344, 'webshop_product_title_id-157'),
(1345, 'webshop_product_description_id-157'),
(1346, 'webshop_product_title_id-158'),
(1347, 'webshop_product_description_id-158'),
(1348, 'webshop_product_title_id-159'),
(1349, 'webshop_product_description_id-159'),
(1350, 'webshop_product_group_title_id-32'),
(1351, 'webshop_product_group_title_id-33'),
(1352, 'webshop_product_group_title_id-34'),
(1353, 'webshop_product_title_id-160'),
(1354, 'webshop_product_description_id-160'),
(1355, 'webshop_product_title_id-161'),
(1356, 'webshop_product_description_id-161'),
(1357, 'webshop_product_title_id-162'),
(1358, 'webshop_product_description_id-162'),
(1359, 'webshop_product_group_title_id-35'),
(1360, 'webshop_product_group_title_id-36'),
(1361, 'webshop_product_group_title_id-37'),
(1362, 'webshop_product_title_id-163'),
(1363, 'webshop_product_description_id-163'),
(1364, 'webshop_product_title_id-164'),
(1365, 'webshop_product_description_id-164'),
(1366, 'webshop_product_title_id-165'),
(1367, 'webshop_product_description_id-165'),
(1368, 'webshop_product_group_title_id-38'),
(1369, 'webshop_product_title_id-166'),
(1370, 'webshop_product_description_id-166');

-- --------------------------------------------------------

--
-- Table structure for table `translation_language`
--

DROP TABLE IF EXISTS `translation_language`;
CREATE TABLE IF NOT EXISTS `translation_language` (
  `translation_language_id` int(11) NOT NULL AUTO_INCREMENT,
  `translation_key_id` int(11) NOT NULL,
  `translation_language` text COLLATE utf8_unicode_ci NOT NULL,
  `htaccess_url` text COLLATE utf8_unicode_ci,
  PRIMARY KEY (`translation_language_id`)
) ENGINE=InnoDB AUTO_INCREMENT=3 DEFAULT CHARSET=utf8 COLLATE=utf8_unicode_ci;

--
-- Dumping data for table `translation_language`
--

INSERT INTO `translation_language` (`translation_language_id`, `translation_key_id`, `translation_language`, `htaccess_url`) VALUES
(1, 7, 'English', 'en'),
(2, 8, 'Swedish', 'sv');

-- --------------------------------------------------------

--
-- Table structure for table `webshop_cart`
--

DROP TABLE IF EXISTS `webshop_cart`;
CREATE TABLE IF NOT EXISTS `webshop_cart` (
  `webshop_cart_id` int(11) NOT NULL AUTO_INCREMENT,
  `status` int(11) DEFAULT NULL,
  `account_id` int(11) NOT NULL,
  PRIMARY KEY (`webshop_cart_id`)
) ENGINE=MyISAM AUTO_INCREMENT=3 DEFAULT CHARSET=utf8 COLLATE=utf8_unicode_ci;

--
-- Dumping data for table `webshop_cart`
--

INSERT INTO `webshop_cart` (`webshop_cart_id`, `status`, `account_id`) VALUES
(1, NULL, 3),
(2, NULL, 1);

-- --------------------------------------------------------

--
-- Table structure for table `webshop_cart_product`
--

DROP TABLE IF EXISTS `webshop_cart_product`;
CREATE TABLE IF NOT EXISTS `webshop_cart_product` (
  `webshop_cart_product_id` int(11) NOT NULL AUTO_INCREMENT,
  `webshop_cart_id` int(11) NOT NULL,
  `webshop_product_id` int(11) NOT NULL,
  `out_of_stock` int(11) DEFAULT NULL,
  `system_time_register` varchar(18) COLLATE utf8_unicode_ci NOT NULL,
  PRIMARY KEY (`webshop_cart_product_id`)
) ENGINE=MyISAM AUTO_INCREMENT=18 DEFAULT CHARSET=utf8 COLLATE=utf8_unicode_ci;

--
-- Dumping data for table `webshop_cart_product`
--

INSERT INTO `webshop_cart_product` (`webshop_cart_product_id`, `webshop_cart_id`, `webshop_product_id`, `out_of_stock`, `system_time_register`) VALUES
(1, 1, 33, NULL, '153591383195036200'),
(2, 2, 33, NULL, '153591398999450900'),
(3, 2, 33, NULL, '153591399150454000'),
(4, 2, 33, NULL, '153591399285691400'),
(5, 2, 33, NULL, '153591399534658400'),
(6, 2, 33, NULL, '153591399965471500'),
(7, 2, 33, NULL, '153591400128619300'),
(8, 2, 44, NULL, '153591401436788900'),
(9, 2, 44, NULL, '153591401627062000'),
(10, 1, 2, NULL, '153591402764891400'),
(11, 1, 60, NULL, '153591408745078300'),
(12, 1, 32, NULL, '153591410983557700'),
(13, 1, 33, NULL, '153591413937892100'),
(14, 2, 33, NULL, '153591415506943000'),
(15, 2, 33, NULL, '153591475682249700'),
(16, 2, 2, NULL, '153591477318381500'),
(17, 2, 2, NULL, '153591478049671600');

-- --------------------------------------------------------

--
-- Table structure for table `webshop_category`
--

DROP TABLE IF EXISTS `webshop_category`;
CREATE TABLE IF NOT EXISTS `webshop_category` (
  `webshop_category_id` int(11) NOT NULL AUTO_INCREMENT,
  `translation_key_id` int(11) DEFAULT NULL,
  `htaccess_url` text COLLATE utf8_unicode_ci,
  PRIMARY KEY (`webshop_category_id`)
) ENGINE=InnoDB AUTO_INCREMENT=8 DEFAULT CHARSET=utf8 COLLATE=utf8_unicode_ci;

--
-- Dumping data for table `webshop_category`
--

INSERT INTO `webshop_category` (`webshop_category_id`, `translation_key_id`, `htaccess_url`) VALUES
(1, 22, 'men'),
(2, 23, 'women'),
(3, 24, 'kids'),
(4, 25, 'accessories'),
(5, 26, 'caps'),
(6, 27, 'beanies'),
(7, 67, 'unisex');

-- --------------------------------------------------------

--
-- Table structure for table `webshop_group`
--

DROP TABLE IF EXISTS `webshop_group`;
CREATE TABLE IF NOT EXISTS `webshop_group` (
  `webshop_group_id` int(11) NOT NULL AUTO_INCREMENT,
  `status` int(11) DEFAULT '1',
  `htaccess_url` text COLLATE utf8_unicode_ci,
  PRIMARY KEY (`webshop_group_id`)
) ENGINE=MyISAM AUTO_INCREMENT=39 DEFAULT CHARSET=utf8 COLLATE=utf8_unicode_ci;

--
-- Dumping data for table `webshop_group`
--

INSERT INTO `webshop_group` (`webshop_group_id`, `status`, `htaccess_url`) VALUES
(1, 1, 'tshirtbreakdownthewalls'),
(2, 1, 'tshirthammerhigh'),
(3, 1, 'tshirthectorwithguitar'),
(4, 1, 'tshirthectorhockeysweden'),
(5, 1, 'baseballbrakdownthewalls'),
(6, 1, 'baseballhammerhigh'),
(7, 1, 'unisexhoodbreakdownthewalls'),
(8, 1, 'unisexhoodhammerhigh'),
(9, 1, 'tankbreakdownthewalls'),
(10, 1, 'tankhammerhigh'),
(11, 1, 'longsleevebreakdownthewalls'),
(12, 1, 'longsleevehammerhigh'),
(13, 0, 'ladieshoodbreakdownthewalls'),
(14, 1, 'stringbackbreakdownthewalls'),
(15, 1, 'stringbackhammerhigh'),
(16, 1, 'ladiestshirtbreakdownthewalls'),
(17, 1, 'ladiestshirthammerhigh'),
(18, 0, 'ladieshoodhammerhigh'),
(19, 1, 'mossahammerfall'),
(20, 1, 'mossahf'),
(21, 1, 'beaniefoldedhammerfall'),
(22, 1, 'cottonbeaniehammerfall1993'),
(23, 1, 'cottonbeanietemplarsofsteel'),
(24, 1, 'cottonbeanierebel4life'),
(25, 1, 'kidsziphood'),
(26, 1, 'kidssweatshirt'),
(27, 1, 'babyziphood'),
(28, 1, 'bodysuithammerfall'),
(29, 1, 'kidstshirthf'),
(30, 1, 'kidstshirthammerfall'),
(31, 1, 'babytshirthammerfall'),
(32, 1, 'capfh'),
(33, 1, 'caphammerfall'),
(34, 1, 'captruckerhf'),
(35, 1, 'scarfhammerfall'),
(36, 1, 'keyband'),
(37, 1, 'scarfhammerhigh'),
(38, 1, 'stickers');

-- --------------------------------------------------------

--
-- Table structure for table `webshop_image`
--

DROP TABLE IF EXISTS `webshop_image`;
CREATE TABLE IF NOT EXISTS `webshop_image` (
  `webshop_image_id` int(11) NOT NULL AUTO_INCREMENT,
  `webshop_image` text COLLATE utf8_unicode_ci NOT NULL,
  PRIMARY KEY (`webshop_image_id`)
) ENGINE=MyISAM AUTO_INCREMENT=104 DEFAULT CHARSET=utf8 COLLATE=utf8_unicode_ci;

--
-- Dumping data for table `webshop_image`
--

INSERT INTO `webshop_image` (`webshop_image_id`, `webshop_image`) VALUES
(1, 'd8fa0dce9fd9d2fa865a61ac5e90b05b.png'),
(2, '64efb4bcc8ea289ce013593f721a8eb5.png'),
(3, '548577aee1547f2fc05c6ad60420409e.png'),
(4, 'e053f5c16aaa61b1c3d09a6bd298a24f.png'),
(5, '946e3b632dd65a0eb54dfb268d1d8103.png'),
(6, 'df1cdc29599791a49505ebb24ca8e414.png'),
(7, '1333dd649e236aa930a6bd2f6c79dd63.png'),
(8, '87d0fcf549d09fa35e961ea9c264b3c7.png'),
(9, '08ea1e05aaa9c3dd5c91a792b012630b.png'),
(10, 'a3a04bfd567ee67ed526ad6387135b9a.png'),
(62, '7996b42ccdac02710c4cfc0569b05a1a.png'),
(63, '7aacb40d37199390902b422103dd10f8.png'),
(64, 'b8cef42277e30ef82575f30a3549c1e5.png'),
(14, '91242df3d3cc28d867411979ecba6aa2.png'),
(15, '4d82923ef4f864b03b0e12b9295d5ccd.png'),
(65, '49b6a223d1326ff9ec4572a2a9466ba1.png'),
(17, 'f76cc09992636565df725334f60100f0.png'),
(18, 'b3f787a7630d01a67b3c8df5d5ffad55.png'),
(19, '006d28254b9052295f2a49fd32c2ca52.png'),
(20, 'f74d8bbe4c657090cfe608c7d6b2ce3c.png'),
(21, '4071af1d359f33c817d9c2ad8d56b6f8.png'),
(22, '9856723e1e92e93847bf6a22493874f5.png'),
(23, '5c9c9e1b4ad9682f01b0f181611da021.png'),
(24, 'c1774c44c882cb39ad274eefcf0a74c6.png'),
(25, 'ec8f8271daf513717c8fb1d2309d4279.png'),
(26, '89d05e1fed5e3b2ab95e1f4a752dd401.png'),
(27, '19b14f40d717ad52c367e88cb70e7a2d.png'),
(28, '41924d453e7dd2763f517aedbfa90cf4.png'),
(29, '130332a07662d188d78ddac3f017534e.png'),
(30, '7d9914649ffc506a822d8cba6514e5e8.png'),
(31, '16489911a3249e26052dc57b7d4cdbc9.png'),
(32, '62050833732de1931284e6a311ed291d.png'),
(33, '9ece28662bff69b211dc0e6e7b75fb2f.png'),
(34, 'acb215e95634fdb1a5f38ea2dd364e3f.png'),
(35, '237b61e57ba0d319914daf3e2a1f8bd1.png'),
(36, '7bb25756bf486f5bd490fc362f105026.png'),
(37, '614131c00fb8073935c986c8a4ca044a.png'),
(38, '92cd5327ec76121d4123311e835aa548.png'),
(39, '36a9600446fdb24ddcf3f72b7d6e8091.png'),
(40, 'a2083fa134d2a832ddba72720fd958fd.png'),
(41, '3803640e849a7d8d46dc9d70e436ffa0.png'),
(42, 'a3fe4d79fe43ca3753c1cbf8a9725a63.png'),
(43, 'd7bb1f1950582b7af7040ad01b018d73.png'),
(44, '1497efb1e21cc12fc2bd930b83900541.png'),
(45, '366ee96d3a6b51c526315c0e7bd0dd2d.png'),
(46, '44e298d4ac09f57ea18395281df3a3d5.png'),
(47, '89f47c485521304aa0ccfc34d86f44b2.png'),
(48, 'e3f74c640f529ed6172bf1d69b67fbcf.png'),
(49, '4a00a2ad349154a424dd58d003311381.png'),
(50, '81a822f8a9c6c6b7342f352f6d9433cc.png'),
(51, '939ea179c61c68963d35c33bfc6528af.png'),
(52, '5d448c778da5ffcfa91b252df46a3879.png'),
(53, '853d667bfb16152479c6adb87f596f07.png'),
(54, 'cada5851c8874227218f610934e9221e.png'),
(55, '846cdfbc7b139b3fbcf28e26977e5f90.png'),
(56, 'b0931cd4d2de3f5df444b1926e97374b.png'),
(57, '9bbafb58028e457da9c1f328eb3faeb6.png'),
(58, '20b6615530ab27b8f93713ab49607161.png'),
(59, 'ca6335e37ccf8f4a67d131d151b31a9f.png'),
(60, '4ba126a8151af7ea1c0c84347b8420f3.jpg'),
(61, '84fff34e056e73ad4f8c66ab91ae0750.jpg'),
(66, '4be13aea528024753280cccbf5b08ead.png'),
(67, 'b785bc2302ef66215bfff34753ae3fcd.png'),
(68, '90a5acb007ed2a4644ca86cb538deb0b.png'),
(69, 'eb6988c28691f820c1aaee7ac9138e88.png'),
(70, 'fea899f1b3c6b360e26ed39dd671095c.png'),
(71, 'cd21d8377c67408d693299f81f8b9639.png'),
(72, '0902550615ebeb150c3ccbefba3d2d9e.png'),
(73, 'd186b70af28486da401a852940bc32f6.png'),
(74, '53698943de97401981c0f046cc6f09ff.png'),
(75, '635b2c0bb9390825bc3d0b14f3b193e3.png'),
(76, '935a8e2e432bb0427bf1c737037476b9.png'),
(77, '3bb3aa8d034025cb1ae3dc32376d065a.png'),
(78, '49e36f6494dc863c76f62be3bf5cba60.png'),
(79, 'a6678274c54873c6727916d1ccc4f8a4.png'),
(80, 'a6efa332c5c6a98d33b3f822182d152b.png'),
(84, '09ba2d02f4390d0bfde384306d839210.png'),
(85, '063dcdb71f844d55e300dfb78336f40c.png'),
(81, 'ac4dbdee2642b83cc96f7f093077f689.png'),
(82, 'e0586c847e33d414bc87b093db700bd6.png'),
(83, '58d3728696fb6624bcbf1e1bf75b70dc.png'),
(86, 'e935f723da120e8ffc3e3ea3a9bf5e89.jpg'),
(87, '8279e5ae62de3eb3fa87636a957c2ec8.jpg'),
(88, 'd324c9fbda2380720ed14a5feb6c0321.png'),
(89, '7c6d7bc3716dc9814819d57346113607.png'),
(90, '61959424364ec43f3bd0d1630c64614e.png'),
(91, '8aad4404754c0ba540420f74ee0fc504.jpg'),
(92, '95d8403874149e1d193c5b5af859a93f.jpg'),
(93, '3ed1be9f283721f92f8a4f2cd80264e2.png'),
(94, 'd4ece77268dd25deca0ee870ebdb510b.png'),
(95, 'dbd8525f05cac3615874359194bcad28.png'),
(96, '156d860f977141e89de320b46116f2f2.png'),
(97, 'adfc19f9b48e522505fe7ab7996f9ac1.png'),
(98, '3702308b14cb71374515b73cef0c46c1.png'),
(99, '185fa4239583bc51c1612f7cf834f3d4.png'),
(100, 'f7b6751e5ee31ce4b68485e3b7da5011.png'),
(101, '647fcbe5d1c482698ca0ffa456a14041.png'),
(102, 'b766313a183cbedcdcb6a3a1c34ead8f.png'),
(103, 'ec773f9d1f5fb9f78f6cfd3ba19886d9.png');

-- --------------------------------------------------------

--
-- Table structure for table `webshop_product`
--

DROP TABLE IF EXISTS `webshop_product`;
CREATE TABLE IF NOT EXISTS `webshop_product` (
  `webshop_product_id` int(11) NOT NULL AUTO_INCREMENT,
  `htaccess_url` text COLLATE utf8_unicode_ci,
  `webshop_image_id-list` text COLLATE utf8_unicode_ci,
  PRIMARY KEY (`webshop_product_id`)
) ENGINE=InnoDB AUTO_INCREMENT=167 DEFAULT CHARSET=utf8 COLLATE=utf8_unicode_ci;

--
-- Dumping data for table `webshop_product`
--

INSERT INTO `webshop_product` (`webshop_product_id`, `htaccess_url`, `webshop_image_id-list`) VALUES
(1, 'tshirtbreakdownthewallssizes', '9,10,80,81'),
(2, 'tshirtbreakdownthewallssizem', '9,10,80,81'),
(3, 'tshirtbreakdownthewallssizel', '9,10,80,81'),
(4, 'tshirtbreakdownthewallssizexl', '9,10,80,81'),
(5, 'tshirtbreakdownthewallssizexxl', '9,10,80,81'),
(6, 'tshirtbreakdownthewallssizexxxl', '9,10,80,81'),
(7, 'tshirtbreakdownthewallssizexxxxl', '9,10,80,81'),
(8, 'tshirthectorwithguitarsizes', '64,78'),
(9, 'tshirthectorwithguitarsizem', '64,78'),
(10, 'tshirthectorwithguitarsizel', '64,78'),
(11, 'tshirthectorwithguitarsizexl', '64,78'),
(12, 'tshirthectorwithguitarsizexxl', '64,78'),
(13, 'tshirthectorwithguitarsizexxxl', '64,78'),
(14, 'tshirthectorwithguitarsizexxxxl', '64,78'),
(15, 'tshirthammerhighsizes', '66,67,82,83'),
(16, 'tshirthammerhighsizem', '66,67,82,83'),
(17, 'tshirthammerhighsizel', '66,67,82,83'),
(18, 'tshirthammerhighsizexl', '66,67,82,83'),
(19, 'tshirthammerhighsizexxl', '66,67,82,83'),
(20, 'tshirthammerhighsizexxxl', '66,67,82,83'),
(21, 'tshirthammerhighsizexxxxl', '66,67,82,83'),
(22, 'tshirthectorhockeyswedensizes', '62,63,70,71,79'),
(23, 'tshirthectorhockeyswedensizem', '62'),
(24, 'tshirthectorhockeyswedensizel', '62'),
(25, 'tshirthectorhockeyswedensizexl', '62'),
(26, 'tshirthectorhockeyswedensizexxl', '62'),
(27, 'tshirthectorhockeyswedensizexxxxl', '62'),
(28, 'baseballbreakdownthewallssizel', '7,8,80,81'),
(29, 'baseballbreakdownthewallssizexl', '7,8,80,81'),
(30, 'baseballbreakdownthewallssizexxl', '7,8,80,81'),
(31, 'baseballhammerhighsizes', '17,18,82,83'),
(32, 'baseballhammerhighsizem', '17,18,82,83'),
(33, 'baseballhammerhighsizel', '17,18,82,83'),
(34, 'baseballhammerhighsizexl', '17,18,82,83'),
(35, 'baseballhammerhighsizexxl', '17,18,82,83'),
(36, 'unisexhoodbreakdownthewallssizexs', '21,22,1,2,80,81'),
(37, 'unisexhoodbreakdownthewallssizes', '21,22,1,2,80,81'),
(38, 'unisexhoodbreakdownthewallssizem', '21,22,1,2,80,81'),
(39, 'unisexhoodbreakdownthewallssizel', '21,22,1,2,80,81'),
(40, 'unisexhoodbreakdownthewallssizexl', '21,22,1,2,80,81'),
(41, 'unisexhoodbreakdownthewallssizexxl', '21,22,1,2,80,81'),
(42, 'unisexhoodbreakdownthewallssizexxxl', '21,22,1,2,80,81'),
(43, 'unisexhoodbreakdownthewallssizexxxxl', '21,22,1,2,80,81'),
(44, 'unisexhoodhammerhighsizexs', '41,42,68,69,82,83'),
(45, 'unisexhoodhammerhighsizes', '41,42,68,69,82,83'),
(46, 'unisexhoodhammerhighsizem', '41,42,68,69,82,83'),
(47, 'unisexhoodhammerhighsizel', '41,42,68,69,82,83'),
(48, 'unisexhoodhammerhighsizexl', '41,42,68,69,82,83'),
(49, 'unisexhoodhammerhighsizexxl', '41,42,68,69,82,83'),
(50, 'unisexhoodhammerhighsizexxxl', '41,42,68,69,82,83'),
(51, 'unisexhoodhammerhighsizexxxxl', '41,42,68,69,82,83'),
(52, 'tankbreakdownthewallssizes', '19,20,80'),
(53, 'tankbreakdownthewallssizem', '19,20,80'),
(54, 'tankbreakdownthewallssizel', '19,20,80'),
(55, 'tankbreakdownthewallssizexl', '19,20,80'),
(56, 'tankbreakdownthewallssizexxl', '19,20,80'),
(57, 'tankbreakdownthewallssizexxxl', '19,20,80'),
(58, 'tankbreakdownthewallssizexxxxl', '19,20,80'),
(59, 'tankhammerhighsizes', '5,6,82'),
(60, 'tankhammerhighsizem', '5,6,82'),
(61, 'tankhammerhighsizel', '5,6,82'),
(62, 'tankhammerhighsizexl', '5,6,82'),
(63, 'tankhammerhighsizexxl', '5,6,82'),
(64, 'tankhammerhighsizexxxl', '5,6,82'),
(65, 'tankhammerhighsizexxxxl', '5,6,82'),
(66, 'mossahammerfall', '54'),
(67, 'mossahf', '55'),
(68, 'beaniefoldedhammerfall', '51'),
(69, 'cottonbeaniehammerfall1993', '52'),
(70, 'cottonbeanietemplarsofsteel', '53'),
(71, 'cottonbeanierebel4life', '56'),
(72, 'longsleevebreakdownthewallssizexs', '3,4,80,81'),
(73, 'longsleevebreakdownthewallssizes', '3,4,80,81'),
(74, 'longsleevebreakdownthewallssizem', '3,4,80,81'),
(75, 'longsleevebreakdownthewallssizel', '3,4,80,81'),
(76, 'longsleevebreakdownthewallssizexl', '3,4,80,81'),
(77, 'longsleevebreakdownthewallssizexxl', '3,4,80,81'),
(78, 'longsleevebreakdownthewallssizexxxl', '3,4,80,81'),
(79, 'longsleevebreakdownthewallssizexxxxl', '3,4,80,81'),
(80, 'longsleevehammerhighsizexs', '65,82,83'),
(81, 'longsleevehammerhighsizes', '65,82,83'),
(82, 'longsleevehammerhighsizem', '65,82,83'),
(83, 'longsleevehammerhighsizel', '65,82,83'),
(84, 'longsleevehammerhighsizexl', '65,82,83'),
(85, 'longsleevehammerhighsizexxl', '65,82,83'),
(86, 'longsleevehammerhighsizexxxl', '65,82,83'),
(87, 'longsleevehammerhighsizexxxxl', '65,82,83'),
(88, 'stringbackbreakdownthewallssizexs', '27,28,80'),
(89, 'stringbackbreakdownthewallssizes', '27,28,80'),
(90, 'stringbackbreakdownthewallssizem', '27,28,80'),
(91, 'stringbackbreakdownthewallssizel', '27,28,80'),
(92, 'stringbackbreakdownthewallssizexl', '27,28,80'),
(93, 'stringbackbreakdownthewallssizexxl', '27,28,80'),
(94, 'stringbackhammerhighsizexs', '86,87,82'),
(95, 'stringbackhammerhighsizes', '86,87,82'),
(96, 'stringbackhammerhighsizem', '86,87,82'),
(97, 'stringbackhammerhighsizel', '86,87,82'),
(98, 'stringbackhammerhighsizexl', '86,87,82'),
(99, 'stringbackhammerhighsizexxl', '86,87,82'),
(100, 'ladiestshirtbreakdownthewallssizexs', '33,34,80,81'),
(101, 'ladiestshirtbreakdownthewallssizes', '33,34,80,81'),
(102, 'ladiestshirtbreakdownthewallssizem', '33,34,80,81'),
(103, 'ladiestshirtbreakdownthewallssizel', '33,34,80,81'),
(104, 'ladiestshirtbreakdownthewallssizexl', '33,34,80,81'),
(105, 'ladiestshirtbreakdownthewallssizexxl', '33,34,80,81'),
(106, 'ladiestshirthammerhighsizexs', '39,40,82,83'),
(107, 'ladiestshirthammerhighsizes', '39,40,82,83'),
(108, 'ladiestshirthammerhighsizem', '39,40,82,83'),
(109, 'ladiestshirthammerhighsizel', '39,40,82,83'),
(110, 'ladiestshirthammerhighsizexl', '39,40,82,83'),
(111, 'ladiestshirthammerhighsizexxl', '39,40,82,83'),
(112, 'ladieshoodbreakdownthewallssizexs', '21,22,80,81'),
(113, 'ladieshoodbreakdownthewallssizes', '21,22,80,81'),
(114, 'ladieshoodbreakdownthewallssizem', '21,22,80,81'),
(115, 'ladieshoodbreakdownthewallssizel', '21,22,80,81'),
(116, 'ladieshoodbreakdownthewallssizexl', '21,22,80,81'),
(117, 'ladieshoodbreakdownthewallssizexxl', '21,22,80,81'),
(118, 'ladieshoodbreakdownthewallssizexxxl', '21,22,80,81'),
(119, 'ladieshoodbreakdownthewallssizexxxxl', '21,22,80,81'),
(120, 'ladieshoodhammerhighsizexs', '41,42,82,83'),
(121, 'ladieshoodhammerhighsizes', '41,42,82,83'),
(122, 'ladieshoodhammerhighsizem', '41,42,82,83'),
(123, 'ladieshoodhammerhighsizel', '41,42,82,83'),
(124, 'ladieshoodhammerhighsizexl', '41,42,82,83'),
(125, 'ladieshoodhammerhighsizexxl', '41,42,82,83'),
(126, 'ladieshoodhammerhighsizexxxl', '41,42,82,83'),
(127, 'ladieshoodhammerhighsizexxxxl', '41,42,82,83'),
(128, 'kidsziphoodsize5_6years', '60'),
(129, 'kidsziphoodsize5_6years', '60'),
(130, 'kidsziphoodsize7_8years', '60'),
(131, 'kidsziphoodsize9_11years', '60'),
(132, 'kidsziphoodsize12_13years', '60'),
(133, 'kidssweatshirtsize3-4years', '61'),
(134, 'kidssweatshirtsize5-6years', '61'),
(135, 'kidssweatshirtsize7-8years', '61'),
(136, 'kidssweatshirtsize9-11years', '61'),
(137, 'kidssweatshirtsize12-13years', '61'),
(138, 'babyziphoodsize6_12months', '88'),
(139, 'babyziphoodsize12_18months', '88'),
(140, 'babyziphoodsize18_24months', '88'),
(141, 'babyziphoodsize2_3years', '88'),
(142, 'bodysuithammerfallsize0_3months', '90'),
(143, 'bodysuithammerfallsize3_6months', '90'),
(144, 'bodysuithammerfallsize6_12months', '90'),
(145, 'bodysuithammerfallsize12_18months', '90'),
(146, 'kidsthirthfsize3-4years', '91'),
(147, 'kidsthirthfsize5-6years', '91'),
(148, 'kidsthirthfsize7-8years', '91'),
(149, 'kidsthirthfsize9-11years', '91'),
(150, 'kidsthirthfsize12-13years', '91'),
(151, 'kidstshirthammerfallsize3_4years', '92'),
(152, 'kidstshirthammerfallsize5_6years', '92'),
(153, 'kidstshirthammerfallsize7_8years', '92'),
(154, 'kidstshirthammerfallsize9_11years', '92'),
(155, 'kidstshirthammerfallsize12_14years', '92'),
(156, 'babytshirthammerfallsize3-6months', '85'),
(157, 'babytshirthammerfallsize6-12months', '85'),
(158, 'babytshirthammerfallsize12-18months', '85'),
(159, 'babytshirthammerfallsize18-24months', '85'),
(160, 'caphf', '95,96'),
(161, 'caphammerfall', '94,97'),
(162, 'captruckerhf', '93'),
(163, 'keyband', '98'),
(164, 'scarfhammerfall', '101'),
(165, 'scarfhammerhigh', '102'),
(166, 'stickers5pcs', '103');

-- --------------------------------------------------------

--
-- Table structure for table `webshop_product_category`
--

DROP TABLE IF EXISTS `webshop_product_category`;
CREATE TABLE IF NOT EXISTS `webshop_product_category` (
  `webshop_product_category_id` int(11) NOT NULL AUTO_INCREMENT,
  `webshop_category_id` int(11) NOT NULL,
  `webshop_product_id` int(11) NOT NULL,
  PRIMARY KEY (`webshop_product_category_id`)
) ENGINE=MyISAM AUTO_INCREMENT=164 DEFAULT CHARSET=utf8 COLLATE=utf8_unicode_ci;

--
-- Dumping data for table `webshop_product_category`
--

INSERT INTO `webshop_product_category` (`webshop_product_category_id`, `webshop_category_id`, `webshop_product_id`) VALUES
(1, 1, 1),
(2, 1, 2),
(3, 1, 3),
(4, 1, 4),
(5, 1, 5),
(6, 1, 6),
(7, 1, 7),
(8, 1, 8),
(9, 1, 9),
(10, 1, 10),
(11, 1, 11),
(12, 1, 12),
(13, 1, 13),
(14, 1, 14),
(15, 1, 15),
(16, 1, 16),
(17, 1, 17),
(18, 1, 18),
(19, 1, 19),
(20, 1, 20),
(21, 1, 21),
(22, 1, 22),
(23, 1, 23),
(24, 1, 24),
(25, 1, 25),
(26, 1, 26),
(27, 1, 27),
(28, 1, 28),
(29, 1, 29),
(30, 1, 30),
(31, 1, 31),
(32, 1, 32),
(33, 1, 33),
(34, 1, 34),
(35, 1, 35),
(36, 7, 36),
(37, 7, 37),
(38, 7, 38),
(39, 7, 39),
(40, 7, 40),
(41, 7, 41),
(42, 7, 42),
(43, 7, 43),
(44, 7, 44),
(45, 7, 45),
(46, 7, 46),
(47, 7, 47),
(48, 7, 48),
(49, 7, 49),
(50, 7, 50),
(51, 7, 51),
(52, 1, 52),
(53, 1, 53),
(54, 1, 54),
(55, 1, 55),
(56, 1, 56),
(57, 1, 57),
(58, 1, 58),
(59, 1, 59),
(60, 1, 60),
(61, 1, 61),
(62, 1, 62),
(63, 1, 63),
(64, 1, 64),
(65, 1, 65),
(66, 6, 66),
(67, 6, 67),
(68, 6, 68),
(69, 6, 69),
(70, 6, 70),
(71, 6, 71),
(72, 1, 72),
(73, 1, 73),
(74, 1, 74),
(75, 1, 75),
(76, 1, 76),
(77, 1, 77),
(78, 1, 78),
(79, 1, 79),
(80, 1, 80),
(81, 1, 81),
(82, 1, 82),
(83, 1, 83),
(84, 1, 84),
(85, 1, 85),
(86, 1, 86),
(87, 1, 87),
(88, 2, 88),
(89, 2, 89),
(90, 2, 90),
(91, 2, 91),
(92, 2, 92),
(93, 2, 93),
(94, 2, 94),
(95, 2, 95),
(96, 2, 96),
(97, 2, 97),
(98, 2, 98),
(99, 2, 99),
(100, 2, 100),
(101, 2, 101),
(102, 2, 102),
(103, 2, 103),
(104, 2, 104),
(105, 2, 105),
(106, 2, 106),
(107, 2, 107),
(108, 2, 108),
(109, 2, 109),
(110, 2, 110),
(111, 2, 111),
(112, 2, 112),
(113, 2, 113),
(114, 2, 114),
(115, 2, 115),
(116, 2, 116),
(117, 2, 117),
(118, 2, 118),
(119, 2, 119),
(120, 2, 120),
(121, 2, 121),
(122, 2, 122),
(123, 2, 123),
(124, 2, 124),
(125, 2, 125),
(126, 2, 126),
(127, 2, 127),
(128, 3, 128),
(129, 3, 129),
(130, 3, 130),
(131, 3, 131),
(132, 3, 132),
(133, 3, 133),
(134, 3, 134),
(135, 3, 135),
(136, 3, 136),
(137, 3, 137),
(138, 3, 138),
(139, 3, 139),
(140, 3, 140),
(141, 3, 141),
(142, 3, 142),
(143, 3, 143),
(144, 3, 144),
(145, 3, 145),
(146, 3, 146),
(147, 3, 147),
(148, 3, 148),
(149, 3, 149),
(150, 3, 150),
(151, 3, 151),
(152, 3, 152),
(153, 3, 153),
(154, 3, 154),
(155, 3, 155),
(156, 3, 156),
(157, 3, 157),
(158, 3, 158),
(159, 3, 159),
(160, 4, 163),
(161, 4, 164),
(162, 4, 165),
(163, 4, 166);

-- --------------------------------------------------------

--
-- Table structure for table `webshop_product_group`
--

DROP TABLE IF EXISTS `webshop_product_group`;
CREATE TABLE IF NOT EXISTS `webshop_product_group` (
  `webshop_product_group_id` int(11) NOT NULL AUTO_INCREMENT,
  `webshop_group_id` int(11) NOT NULL,
  `webshop_product_id` int(11) NOT NULL,
  PRIMARY KEY (`webshop_product_group_id`)
) ENGINE=MyISAM AUTO_INCREMENT=167 DEFAULT CHARSET=utf8 COLLATE=utf8_unicode_ci;

--
-- Dumping data for table `webshop_product_group`
--

INSERT INTO `webshop_product_group` (`webshop_product_group_id`, `webshop_group_id`, `webshop_product_id`) VALUES
(1, 1, 1),
(2, 1, 2),
(3, 1, 3),
(4, 1, 4),
(5, 1, 5),
(6, 1, 6),
(7, 1, 7),
(8, 3, 8),
(9, 3, 9),
(10, 3, 10),
(11, 3, 11),
(12, 3, 12),
(13, 3, 13),
(14, 3, 14),
(15, 2, 15),
(16, 2, 16),
(17, 2, 17),
(18, 2, 18),
(19, 2, 19),
(20, 2, 20),
(21, 2, 21),
(22, 4, 22),
(23, 4, 23),
(24, 4, 24),
(25, 4, 25),
(26, 4, 26),
(27, 4, 27),
(28, 5, 28),
(29, 5, 29),
(30, 5, 30),
(31, 6, 31),
(32, 6, 32),
(33, 6, 33),
(34, 6, 34),
(35, 6, 35),
(36, 7, 36),
(37, 7, 37),
(38, 7, 38),
(39, 7, 39),
(40, 7, 40),
(41, 7, 41),
(42, 7, 42),
(43, 7, 43),
(44, 8, 44),
(45, 8, 45),
(46, 8, 46),
(47, 8, 47),
(48, 8, 48),
(49, 8, 49),
(50, 8, 50),
(51, 8, 51),
(52, 9, 52),
(53, 9, 53),
(54, 9, 54),
(55, 9, 55),
(56, 9, 56),
(57, 9, 57),
(58, 9, 58),
(59, 10, 59),
(60, 10, 60),
(61, 10, 61),
(62, 10, 62),
(63, 10, 63),
(64, 10, 64),
(65, 10, 65),
(66, 11, 72),
(67, 11, 73),
(68, 11, 74),
(69, 11, 75),
(70, 11, 76),
(71, 11, 77),
(72, 11, 78),
(73, 11, 79),
(74, 12, 80),
(75, 12, 81),
(76, 12, 82),
(77, 12, 83),
(78, 12, 84),
(79, 12, 85),
(80, 12, 86),
(81, 12, 87),
(82, 14, 88),
(83, 14, 89),
(84, 14, 90),
(85, 14, 91),
(86, 14, 92),
(87, 14, 93),
(88, 15, 94),
(89, 15, 95),
(90, 15, 96),
(91, 15, 97),
(92, 15, 98),
(93, 15, 99),
(94, 16, 100),
(95, 16, 101),
(96, 16, 102),
(97, 16, 103),
(98, 16, 104),
(99, 16, 105),
(100, 17, 106),
(101, 17, 107),
(102, 17, 108),
(103, 17, 109),
(104, 17, 110),
(105, 17, 111),
(106, 13, 112),
(107, 13, 113),
(108, 13, 114),
(109, 13, 115),
(110, 13, 116),
(111, 13, 117),
(112, 13, 118),
(113, 13, 119),
(114, 18, 120),
(115, 18, 121),
(116, 18, 122),
(117, 18, 123),
(118, 18, 124),
(119, 18, 125),
(120, 18, 126),
(121, 18, 127),
(122, 19, 66),
(123, 20, 67),
(124, 21, 68),
(125, 22, 69),
(126, 23, 70),
(127, 24, 71),
(128, 25, 128),
(129, 25, 129),
(130, 25, 130),
(131, 25, 131),
(132, 25, 132),
(133, 26, 133),
(134, 26, 134),
(135, 26, 135),
(136, 26, 136),
(137, 26, 137),
(138, 27, 138),
(139, 27, 139),
(140, 27, 140),
(141, 27, 141),
(142, 28, 142),
(143, 28, 143),
(144, 28, 144),
(145, 28, 145),
(146, 29, 146),
(147, 29, 147),
(148, 29, 148),
(149, 29, 149),
(150, 29, 150),
(151, 30, 151),
(152, 30, 152),
(153, 30, 153),
(154, 30, 154),
(155, 30, 155),
(156, 31, 156),
(157, 31, 157),
(158, 31, 158),
(159, 31, 159),
(160, 32, 160),
(161, 33, 161),
(162, 34, 162),
(163, 36, 163),
(164, 35, 164),
(165, 37, 165),
(166, 38, 166);

-- --------------------------------------------------------

--
-- Table structure for table `webshop_product_price`
--

DROP TABLE IF EXISTS `webshop_product_price`;
CREATE TABLE IF NOT EXISTS `webshop_product_price` (
  `webshop_product_price_id` int(11) NOT NULL AUTO_INCREMENT,
  `webshop_product_id` int(11) NOT NULL,
  `price` tinytext COLLATE utf8_unicode_ci NOT NULL,
  `system_time_register` varchar(18) COLLATE utf8_unicode_ci NOT NULL,
  PRIMARY KEY (`webshop_product_price_id`)
) ENGINE=MyISAM AUTO_INCREMENT=167 DEFAULT CHARSET=utf8 COLLATE=utf8_unicode_ci;

--
-- Dumping data for table `webshop_product_price`
--

INSERT INTO `webshop_product_price` (`webshop_product_price_id`, `webshop_product_id`, `price`, `system_time_register`) VALUES
(1, 1, '229', '153571707933082600'),
(2, 2, '229', '153571725961289700'),
(3, 3, '229', '153571733607581700'),
(4, 4, '229', '153571763264187400'),
(5, 5, '229', '153571778673207400'),
(6, 6, '229', '153571786786231300'),
(7, 7, '229', '153571792430284500'),
(8, 8, '199', '153572072844449600'),
(9, 9, '199', '153572085317026800'),
(10, 10, '199', '153572090929349800'),
(11, 11, '199', '153572097068320100'),
(12, 12, '199', '153572103967391800'),
(13, 13, '199', '153572111219615900'),
(14, 14, '199', '153572117731750100'),
(15, 15, '229', '153572138762024100'),
(16, 16, '229', '153572145126120400'),
(17, 17, '229', '153572152506577200'),
(18, 18, '229', '153572157945697200'),
(19, 19, '229', '153572163088782200'),
(20, 20, '229', '153572180062973500'),
(21, 21, '229', '153572185598896900'),
(22, 22, '229', '153572215341177400'),
(23, 23, '229', '153572222448777400'),
(24, 24, '229', '153572228759437500'),
(25, 25, '229', '153572234012426600'),
(26, 26, '229', '153572239246346700'),
(27, 27, '229', '153572245011293600'),
(28, 28, '259', '153572276990920500'),
(29, 29, '259', '153572289277592400'),
(30, 30, '259', '153572295138399400'),
(31, 31, '259', '153572310777215400'),
(32, 32, '259', '153572315422397900'),
(33, 33, '259', '153572320826332400'),
(34, 34, '259', '153572326025587600'),
(35, 35, '259', '153572332153979500'),
(36, 36, '499', '153572519815284200'),
(37, 37, '499', '153572524663829200'),
(38, 38, '499', '153572529271382400'),
(39, 39, '499', '153572534708063900'),
(40, 40, '499', '153572539576319900'),
(41, 41, '499', '153572544430218700'),
(42, 42, '499', '153572548792268200'),
(43, 43, '499', '153572556040258700'),
(44, 44, '499', '153572615493896800'),
(45, 45, '499', '153572619450276900'),
(46, 46, '499', '153572624900182300'),
(47, 47, '499', '153572629737648400'),
(48, 48, '499', '153572636363338600'),
(49, 49, '499', '153572642381375100'),
(50, 50, '499', '153572648780388700'),
(51, 51, '499', '153572657228492500'),
(52, 52, '199', '153572709671784500'),
(53, 53, '199', '153572715632006500'),
(54, 54, '199', '153572719986601600'),
(55, 55, '199', '153572724319061900'),
(56, 56, '199', '153572728604556600'),
(57, 57, '199', '153572733788148000'),
(58, 58, '199', '153572738113563400'),
(59, 59, '199', '153572750130282100'),
(60, 60, '199', '153572755999774700'),
(61, 61, '199', '153572761611400600'),
(62, 62, '199', '153572766148888800'),
(63, 63, '199', '153572770592875200'),
(64, 64, '199', '153572778031541500'),
(65, 65, '199', '153572782546372000'),
(66, 66, '150', '153573107996858700'),
(67, 67, '150', '153573115441484000'),
(68, 68, '150', '153573132872707400'),
(69, 69, '150', '153573165299186300'),
(70, 70, '150', '153573171003822200'),
(71, 71, '150', '153573178362371200'),
(72, 72, '299', '153573214121596100'),
(73, 73, '299', '153573219074685300'),
(74, 74, '299', '153573222718083600'),
(75, 75, '299', '153573227701010200'),
(76, 76, '299', '153573232130152100'),
(77, 77, '299', '153573238365264200'),
(78, 78, '299', '153573242264351100'),
(79, 79, '299', '153573247509649900'),
(80, 80, '299', '153573296474321600'),
(81, 81, '299', '153573303838818200'),
(82, 82, '299', '153573310655573200'),
(83, 83, '299', '153573317226392900'),
(84, 84, '299', '153573323364768300'),
(85, 85, '299', '153573333046165800'),
(86, 86, '299', '153573338965973500'),
(87, 87, '299', '153573344722703400'),
(88, 88, '279', '153573383264891100'),
(89, 89, '279', '153573387708410400'),
(90, 90, '279', '153573391629521700'),
(91, 91, '279', '153573395554880600'),
(92, 92, '279', '153573400175582800'),
(93, 93, '279', '153573405229964000'),
(94, 94, '279', '153573436461977900'),
(95, 95, '279', '153573440583668200'),
(96, 96, '279', '153573445722088300'),
(97, 97, '279', '153573451009041900'),
(98, 98, '279', '153573455917681100'),
(99, 99, '279', '153573464346891700'),
(100, 100, '229', '153573493680012100'),
(101, 101, '229', '153573497039139900'),
(102, 102, '229', '153573501368577700'),
(103, 103, '229', '153573504853758600'),
(104, 104, '229', '153573509295785600'),
(105, 105, '229', '153573514368969000'),
(106, 106, '229', '153573535346319600'),
(107, 107, '229', '153573541171884400'),
(108, 108, '229', '153573547008684900'),
(109, 109, '229', '153573552448021800'),
(110, 110, '229', '153573557660148700'),
(111, 111, '229', '153573562565214400'),
(112, 112, '499', '153573583101483900'),
(113, 113, '499', '153573590173088900'),
(114, 114, '499', '153573596707057000'),
(115, 115, '499', '153573605980680200'),
(116, 116, '499', '153573611930140600'),
(117, 117, '499', '153573619909905600'),
(118, 118, '499', '153573627950455300'),
(119, 119, '499', '153573632716571400'),
(120, 120, '499', '153573642605883700'),
(121, 121, '499', '153573647579051200'),
(122, 122, '499', '153573652898262800'),
(123, 123, '499', '153573658994057100'),
(124, 124, '499', '153573666689392900'),
(125, 125, '499', '153573672277521200'),
(126, 126, '499', '153573682021884300'),
(127, 127, '499', '153573692077816700'),
(128, 128, '359', '153590382820634300'),
(129, 129, '359', '153590403776042600'),
(130, 130, '359', '153590411744209000'),
(131, 131, '359', '153590417479884300'),
(132, 132, '359', '153590428259196900'),
(133, 133, '259', '153590499333928900'),
(134, 134, '259', '153590506518442900'),
(135, 135, '259', '153590514109855100'),
(136, 136, '259', '153590520840148200'),
(137, 137, '259', '153590529692755700'),
(138, 138, '259', '153590569732455700'),
(139, 139, '259', '153590577170638500'),
(140, 140, '259', '153590582972423100'),
(141, 141, '259', '153590590030071300'),
(142, 142, '175', '153590613154481000'),
(143, 143, '175', '153590619562687700'),
(144, 144, '175', '153590627231996000'),
(145, 145, '175', '153590634018100400'),
(146, 146, '150', '153590701110182900'),
(147, 147, '150', '153590706705523500'),
(148, 148, '150', '153590712292097000'),
(149, 149, '150', '153590719345199200'),
(150, 150, '150', '153590725485567700'),
(151, 151, '150', '153590744904078800'),
(152, 152, '150', '153590750651442800'),
(153, 153, '150', '153590756660633600'),
(154, 154, '150', '153590761793162200'),
(155, 155, '150', '153590768009425400'),
(156, 156, '150', '153590786940220300'),
(157, 157, '150', '153590792747711400'),
(158, 158, '150', '153590799016439600'),
(159, 159, '150', '153590804477118000'),
(160, 160, '249', '153591172507054100'),
(161, 161, '295', '153591197974859900'),
(162, 162, '249', '153591221798625600'),
(163, 163, '40', '153591372454301600'),
(164, 164, '199', '153591402578741400'),
(165, 165, '199', '153591411663759100'),
(166, 166, '100', '153591467290246600');

-- --------------------------------------------------------

--
-- Table structure for table `webshop_product_stock`
--

DROP TABLE IF EXISTS `webshop_product_stock`;
CREATE TABLE IF NOT EXISTS `webshop_product_stock` (
  `webshop_product_price_id` int(11) NOT NULL AUTO_INCREMENT,
  `webshop_product_id` int(11) NOT NULL,
  `stock` tinytext COLLATE utf8_unicode_ci NOT NULL,
  `system_time_register` varchar(18) COLLATE utf8_unicode_ci NOT NULL,
  PRIMARY KEY (`webshop_product_price_id`)
) ENGINE=MyISAM AUTO_INCREMENT=167 DEFAULT CHARSET=utf8 COLLATE=utf8_unicode_ci;

--
-- Dumping data for table `webshop_product_stock`
--

INSERT INTO `webshop_product_stock` (`webshop_product_price_id`, `webshop_product_id`, `stock`, `system_time_register`) VALUES
(1, 1, '5', '153571707933082600'),
(2, 2, '14', '153571725961289700'),
(3, 3, '5', '153571733607581700'),
(4, 4, '12', '153571763264187400'),
(5, 5, '14', '153571778673207400'),
(6, 6, '10', '153571786786231300'),
(7, 7, '5', '153571792430284500'),
(8, 8, '15', '153572072844449600'),
(9, 9, '14', '153572085317026800'),
(10, 10, '15', '153572090929349800'),
(11, 11, '20', '153572097068320100'),
(12, 12, '25', '153572103967391800'),
(13, 13, '15', '153572111219615900'),
(14, 14, '10', '153572117731750100'),
(15, 15, '5', '153572138762024100'),
(16, 16, '7', '153572145126120400'),
(17, 17, '5', '153572152506577200'),
(18, 18, '16', '153572157945697200'),
(19, 19, '14', '153572163088782200'),
(20, 20, '10', '153572180062973500'),
(21, 21, '4', '153572185598896900'),
(22, 22, '1', '153572215341177400'),
(23, 23, '4', '153572222448777400'),
(24, 24, '4', '153572228759437500'),
(25, 25, '11', '153572234012426600'),
(26, 26, '8', '153572239246346700'),
(27, 27, '2', '153572245011293600'),
(28, 28, '6', '153572276990920500'),
(29, 29, '15', '153572289277592400'),
(30, 30, '6', '153572295138399400'),
(31, 31, '3', '153572310777215400'),
(32, 32, '2', '153572315422397900'),
(33, 33, '8', '153572320826332400'),
(34, 34, '11', '153572326025587600'),
(35, 35, '4', '153572332153979500'),
(36, 36, '5', '153572519815284200'),
(37, 37, '10', '153572524663829200'),
(38, 38, '15', '153572529271382400'),
(39, 39, '20', '153572534708063900'),
(40, 40, '20', '153572539576319900'),
(41, 41, '15', '153572544430218700'),
(42, 42, '10', '153572548792268200'),
(43, 43, '5', '153572556040258700'),
(44, 44, '5', '153572615493896800'),
(45, 45, '10', '153572619450276900'),
(46, 46, '15', '153572624900182300'),
(47, 47, '20', '153572629737648400'),
(48, 48, '20', '153572636363338600'),
(49, 49, '15', '153572642381375100'),
(50, 50, '10', '153572648780388700'),
(51, 51, '5', '153572657228492500'),
(52, 52, '3', '153572709671784500'),
(53, 53, '10', '153572715632006500'),
(54, 54, '15', '153572719986601600'),
(55, 55, '15', '153572724319061900'),
(56, 56, '10', '153572728604556600'),
(57, 57, '5', '153572733788148000'),
(58, 58, '3', '153572738113563400'),
(59, 59, '3', '153572750130282100'),
(60, 60, '10', '153572755999774700'),
(61, 61, '15', '153572761611400600'),
(62, 62, '15', '153572766148888800'),
(63, 63, '10', '153572770592875200'),
(64, 64, '5', '153572778031541500'),
(65, 65, '3', '153572782546372000'),
(66, 66, '50', '153573107996858700'),
(67, 67, '50', '153573115441484000'),
(68, 68, '50', '153573132872707400'),
(69, 69, '50', '153573165299186300'),
(70, 70, '50', '153573171003822200'),
(71, 71, '50', '153573178362371200'),
(72, 72, '5', '153573214121596100'),
(73, 73, '10', '153573219074685300'),
(74, 74, '15', '153573222718083600'),
(75, 75, '20', '153573227701010200'),
(76, 76, '20', '153573232130152100'),
(77, 77, '15', '153573238365264200'),
(78, 78, '10', '153573242264351100'),
(79, 79, '5', '153573247509649900'),
(80, 80, '5', '153573296474321600'),
(81, 81, '10', '153573303838818200'),
(82, 82, '10', '153573310655573200'),
(83, 83, '15', '153573317226392900'),
(84, 84, '20', '153573323364768300'),
(85, 85, '15', '153573333046165800'),
(86, 86, '10', '153573338965973500'),
(87, 87, '5', '153573344722703400'),
(88, 88, '5', '153573383264891100'),
(89, 89, '10', '153573387708410400'),
(90, 90, '10', '153573391629521700'),
(91, 91, '15', '153573395554880600'),
(92, 92, '10', '153573400175582800'),
(93, 93, '5', '153573405229964000'),
(94, 94, '5', '153573436461977900'),
(95, 95, '10', '153573440583668200'),
(96, 96, '10', '153573445722088300'),
(97, 97, '15', '153573451009041900'),
(98, 98, '10', '153573455917681100'),
(99, 99, '5', '153573464346891700'),
(100, 100, '10', '153573493680012100'),
(101, 101, '15', '153573497039139900'),
(102, 102, '15', '153573501368577700'),
(103, 103, '20', '153573504853758600'),
(104, 104, '15', '153573509295785600'),
(105, 105, '5', '153573514368969000'),
(106, 106, '10', '153573535346319600'),
(107, 107, '15', '153573541171884400'),
(108, 108, '15', '153573547008684900'),
(109, 109, '20', '153573552448021800'),
(110, 110, '15', '153573557660148700'),
(111, 111, '5', '153573562565214400'),
(112, 112, '0', '153573583101483900'),
(113, 113, '0', '153573590173088900'),
(114, 114, '0', '153573596707057000'),
(115, 115, '0', '153573605980680200'),
(116, 116, '0', '153573611930140600'),
(117, 117, '0', '153573619909905600'),
(118, 118, '0', '153573627950455300'),
(119, 119, '0', '153573632716571400'),
(120, 120, '0', '153573642605883700'),
(121, 121, '0', '153573647579051200'),
(122, 122, '0', '153573652898262800'),
(123, 123, '0', '153573658994057100'),
(124, 124, '0', '153573666689392900'),
(125, 125, '0', '153573672277521200'),
(126, 126, '0', '153573682021884300'),
(127, 127, '0', '153573692077816700'),
(128, 128, '20', '153590382820634300'),
(129, 129, '20', '153590403776042600'),
(130, 130, '20', '153590411744209000'),
(131, 131, '20', '153590417479884300'),
(132, 132, '20', '153590428259196900'),
(133, 133, '20', '153590499333928900'),
(134, 134, '20', '153590506518442900'),
(135, 135, '20', '153590514109855100'),
(136, 136, '20', '153590520840148200'),
(137, 137, '20', '153590529692755700'),
(138, 138, '20', '153590569732455700'),
(139, 139, '20', '153590577170638500'),
(140, 140, '20', '153590582972423100'),
(141, 141, '20', '153590590030071300'),
(142, 142, '20', '153590613154481000'),
(143, 143, '20', '153590619562687700'),
(144, 144, '20', '153590627231996000'),
(145, 145, '20', '153590634018100400'),
(146, 146, '50', '153590701110182900'),
(147, 147, '50', '153590706705523500'),
(148, 148, '50', '153590712292097000'),
(149, 149, '50', '153590719345199200'),
(150, 150, '50', '153590725485567700'),
(151, 151, '50', '153590744904078800'),
(152, 152, '50', '153590750651442800'),
(153, 153, '50', '153590756660633600'),
(154, 154, '50', '153590761793162200'),
(155, 155, '50', '153590768009425400'),
(156, 156, '50', '153590786940220300'),
(157, 157, '50', '153590792747711400'),
(158, 158, '50', '153590799016439600'),
(159, 159, '50', '153590804477118000'),
(160, 160, '10', '153591172507054100'),
(161, 161, '140', '153591197974859900'),
(162, 162, '10', '153591221798625600'),
(163, 163, '450', '153591372454301600'),
(164, 164, '100', '153591402578741400'),
(165, 165, '100', '153591411663759100'),
(166, 166, '97', '153591467290246600');
COMMIT;

/*!40101 SET CHARACTER_SET_CLIENT=@OLD_CHARACTER_SET_CLIENT */;
/*!40101 SET CHARACTER_SET_RESULTS=@OLD_CHARACTER_SET_RESULTS */;
/*!40101 SET COLLATION_CONNECTION=@OLD_COLLATION_CONNECTION */;
